Nome,Indirizzo,Numero,Orari,ivg_farm,ivg_chirurgica,itg,Annotazioni,CAP,Città
Ospedale Carlo Poma - Mantova,Str. Lago Paiolo 10,0376 201423 (prenotazione) 0376 2011 e digitare 1,Non specificati,SI,SI,SI,Vi fa riferimento anche l'ospedale di Asola dove non esiste più la ginecologia,46100,Mantova MN
Ospedale Pieve di Coriano - Borgo Mantovano,Via Bugatte 1,0376 2011 e digitare 4 (prenotazione) 0386 717200,Non specificati,SI,SI,SI,nan,46020,Borgo Mantovano MN
Ospedale Civile di Vigevano,Corso Milano 19,0381 3331 (prenotazione),Tutti i giorni,SI,SI,SI,Prima di chiamare questo ospedale vi consigliamo fortemente di contattarci alla mail ufficiostampalaiga@gmail.com. Per possibilità di certificato presso la struttura; Vi fa riferimento anche l'ospedale di Mortara che non ha la ginecologia.,27029,Vigevano PV
Ospedale Civile di Voghera,Via Volturno 14,0383 695743 (prenotazione) 0383 695732,tutti i giorni,SI,SI,SI,nan,27058,Voghera PV
Ospedale di Sant'Antonio Abate-Gallarate,Via Pastori 4,0331 751111 (prenotazione),Non specificati,SI,SI,SI,Prenotazioni anche tramite il consultorio di Gallarate,21013,Gallarate VA
Ospedale di Treviglio -ASST Bergamo ovest,Piazzale Ospedale Luigi Meneguzzo 1,0363 4241,Non Specificato,SI,SI,SI,nan,24047,Treviglio BG
ASST Bergamo Ovest - Ospedale Treviglio Caravaggio,Piazzale Ospedale 1,0363 4241 0363 424376 (sala parto) 0363 424343 (ginecologia),"Per le IVG Invio esclusivo in casi selezionati dopo contatto con Servizio di IVG di Romano di Lombardia, per le ITG tutti i giorni",SI,SI,SI,Le procedure di IVG sia chirurgiche che farmacologiche vengono eseguite a Treviglio solo in casi selezionati o nei periodi di chiusura del DH di Romano di Lombardia.  Per accedere all’ITG  prendere contatti con la sala parto per organizzare il colloquio e la programmazione del ricovero,24047,Treviglio BG
Spedali Civili di Brescia,Piazzale Spedali Civili 1,030 39951 030 3995429 (ambulatorio ostetrico),Non specificati,SI,SI,SI,e-mail ambulatorio.ostetricoginecologico@asst-spedalicivili.it,25123,Brescia BS
Ospedale di Desenzano del Garda,Str. Vicinale di Montecroce,030 9145260 030 91451,Ambulatorio aperto il primo e il terzo lunedì del mese,SI,SI,SI,andrea.lojacono@asst-garda.it,25015,Montecroce BS
Ospedale Papa Giovanni XXIII Bergamo,Piazza OMS 1,035 2673151 (day hospital)     035 2678389 (capo ostetrica)   035 2674588 (p.s. ginecologico)    035 267111 (centralino),Ogni martedì,SI,SI,SI,nan,24127,Bergamo BG
ASST di Valle Camonica - Edolo/Esine (BS),Piazza Donatori di Sangue 1,036 4369043 (ginecologia) 036 43691 (centralino) 0364 439501 (CUP),Non specificati,SI,SI,SI,Si accede al percorso IVG su prenotazione tramite il CUP al numero 0364 439501,25048,Edolo BS
Ospedale di Manerbio,"Lungomella Valsecchi,  2",030 99291 (centralino) 030 9929481 (ambulatorio) 030 9929309 (ginecologia),Non specificati,SI,SI,SI,Si accede al percorso IVG su prenotazione all'ambulatorio. Telefonare al numero 0309 929481 dal lunedì al venerdì dalle 14 alle 15.30 avendo già test di gravidanza o certificato di gravidanza.,25025,Manerbio BS
Ospedale Sant'Antonio Abate di Cantù,"Via Domea,  4",031 799111 (centralino) 031 755225 (ambulatorio)  031 5859320 (prenotazione),"lunedì su appuntamento, portando ecografia e certificato fatti tramite consultorio",SI,SI,SI,Si accede al percorso IVG su prenotazione tramite consultorio. Chiamare il numero 0315859320.,22063,Cantù CO
"Ospedale Sant'Anna - Como (presidio di Cantù. Via Domea 4, Cantù)",Via Ravona,031 799111 031 5859320,Lunedi dalle 8.30 alle 14,SI,SI,SI,"Si accede al percorso IVG previo appuntamento, recandosi al poliambulatorio di ginecologia. Durante il primo incontro vengono effettuate visita ed eventuale ecografia. Vengono fissati un secondo incontro per le analisi e visita anestesiologica e un terzo per l'intervento in anestesia generale garantita.",22042,San Fermo della Battaglia CO
Ospedale Maggiore di Crema (CR),"Largo Ugo Dossena,  2",0373 280250 (sala parti) 0373 280284 (reparto ginecologia) 0373 2801,Non specificati,SI,SI,SI,,26013,Crema CR
Istituti Ospedalieri Cremona,Viale Concordia 1,0372 405211-15  (ginecologia)                0372 405615 (caposala) 0372 405638 (ambulatorio),Non specificati,SI,SI,SI,"Si accede al percorso IVG su prenotazione. Chiamare l'ambulatorio al numero 0372 405638 dalle 12 alle 14.30 per prendere appuntamento, avendo già ecografia e certificato",26100,Cremona  CR
Presidio Ospedaliero A.Manzoni di Lecco,"Via dell'Eremo,  9/11",0341 253864 (consultorio) 0341 253865 (consultorio) 0341 253015 (Coordinatrice Ostetrica Consuelo Cazzaniga),Tutti i giorni dal Lunedì al Venerdì dalle 8.30 alle 16,SI,SI,SI,"Applicazione LARC sia contestulamente a IVG farmacologica sia IVG chirurgica Per INFO e prenotazione certificazioni telefonare al Consultorio di Lecco in via Tubi 43 al numero 0341 253864 o 0341 253865 Per programmazione di IVG sia chirurgiche sia farmacologiche, se già in possesso di certificazione, telefonare alla Coordinatrice Ostetrica Consuelo Cazzaniga al numero 0341 253015",23900,Lecco LC
Presidio Ospedaliero di Garbagnate/Salvini,"Via Carlo Forlanini,  95",02 994302255 (ginecologia)      02 994302250 (sala parto) 02 994301 (centralino),Non specificati,SI,SI,SI,nan,20024,Garbagnate Milanese MI
Ospedale San Paolo di Milano,"Via Antonio di Rudinì,  8",02 81844186 02 81841 (centralino),lunedì 13:30 ad esaurimento,SI,SI,SI,"Per accedere al percorso IVG bisogna presentarsi in ambulatorio (stanza n°5, -1° piano) il lunedì alle 13.30 per fissare un appuntamento per analisi e data dell'intervento. Gli interventi sono in anestesia generale, su richiesta possibile svolgerli in anestesia locale.",20142,Milano MI
Ospedale Mangiagalli di Milano (anche Policlinico di Milano Ca' Granda),"Via della Commenda,  10",02 55034224 (consultorio via Pace) / 02-55034906 / 02 55034901 per la embrioriduzione (8-9 tutti i giorni),Non specificati,SI,SI,SI,"Per avere un appuntamento per IVG in breve tempo: 1) se sei già in possesso del Certificato di IVG e di una Tessera Sanitaria ancora valida o sei già in possesso di una STP valida devi telefonare al 02-55034906 , dal lunedì al venerdì dalle ore 8.00 alle ore 9.00 e dalle ore 14.00 alle ore 14.30 2) se non hai il Certificato di IVG oppure sei una cittadina proveniente da paesi extra-Unione Europea senza permesso di soggiorno devi chiamare il Consultorio 02-55034900 oppure inviare una mail a consultoriofamiliare@policlinico.mi.it Altre info su www.policlinico.mi.it/repart/194",20122,Milano MI
Ospedale Macedonio Melloni di Milano,"Via Macedonio Melloni,  52",02 636333305,Non specificati,SI,SI,SI,"Si accede al percorso IVG tramite appuntamento. Telefonare al numero indicato il marted, mercoledì o giovedì dalle 11 alle 12. Risponde un operatore se ci sono posti disponibili, altrimenti risponde una segreteria telefonica.  Prima dell'intervento sono previsti 2 o 3 incontri per analisi, visita anestesiologica ed eventuale ecografia.",20129,Milano MI
ASST Grande Ospedale Metropolitano Niguarda,"Piazza dell'Ospedale Maggiore,  3",02 64441 (centralino) 02 6444/3789- 7944-7661,Martedì e Venerdì dalle 13 alle 14.30,SI,SI,SI,Per accedere al percorso IVG è necessario presentarsi allo sportello CUP (qualsiasi giorno della settimana),20162,Milano MI
Ospedale San Gerardo dei Tintori di Monza,"Via G. B. Pergolesi,  33",039 2331 (centralino) 039 2339441 (ginecologia)  039 2339434 (ambulatorio),Non specificati,SI,SI,SI,Per accedere al percorso IVG è necessario chiamare l'ambulatorio al numero 039 2339434 dalle 12 alle 14.30 dal lunedì al venerdì,20800,Monza MB
Ospedale Civile di Sesto San Giovanni (MI),"Viale Giacomo Matteotti,  83",02 57991 (centralino) 02 57999305 (ginecologia),"lunedì e giovedì mattina senza appuntamento, avendo già con certificato ed ecografia",SI,SI,SI,"Si accede al percorso IVG senza appuntamento negli orari indicati oppure tramite appuntamento, chiamando il reparto ginecologia al numero 02 57999305",20099,Sesto San Giovanni MI
Ospedale Buzzi di Milano,"Via Lodovico Castelvetro,  32",02 63631 ( centralino) 02 63635326 (infermeria),Il giorno dell'appuntamento presentarsi al Padiglione Gualta (2° piano) negli orari indicati. Necessario essere a digiuno e portare un campione di urine del mattino.,SI,SI,SI,Per accedere al percorso IVG occorre prendere un appuntamento via email all'indirizzo prenotagine.buzzi@asst-fbf-sacco.it e specificando a che settimana si è e avendo già un certificato,20154,Milano MI
Ospedale di Vizzolo Predabissi (MI),"Via Pandina,  1",02 98052263 (sala parto)       02 98058717-2274 (day hospital IVG) 02 98051 (centralino),day hospital dal lunedì al venerdì dalle 8.30 alle 14,SI,SI,SI,Si accede al percorso IVG con accesso programmato. Telefonare al numero 02 98058717-2274,20077,Vizzolo Predabissi MI
Azienda Ospedaliera Melegnano (MI),Via Cavour Camillo Benso 59 -  Melegnano (MI),02 98052667 02 98052274 02 98126684,Non specificati,SI,SI,SI,"Per accedere al percorso IVG è necessario prendere un appuntamento chiamando al numero 02 98052274 dal lunedì al venerdì, dalle 13 alle 15",20077,
Policlinico San Matteo (PV),"Viale Camillo Golgi,  19",0382 5011 (centralino) 0382 501215 (segreteria),Non specificati,SI,SI,SI,"Per accedere al percorso IVG è necessario prendere un appuntamento il lunedì, mercoledì e venerdì dalle 13.30 alle 14.30",27100,Pavia PV
Ospedale Fondazione Macchi di Cittiglio (VA),"Via Luvini,  2",0332 607241 (ginecologia ) 0332 607111 (centralino),Non specificati,SI,SI,SI,Si programmano in base ai turni del medico. Per accedere al percorso IVG chiamare tutti i giorni al numero della ginecologia,21033,Cittiglio VA
Ospedale Unificato Broni di Stradella (PV),Via Carlo Achilli,0385 582035 (ginecologia) 0385 582190 (centralino),Non specificati,SI,SI,SI,"Si accede al percorso IVG su appuntamento. Chiamare la ginecologia dal lunedì al venerì dalle 14 alle 15.30, avendo già la certificazione",27049,Stradella PV
Ospedali riuniti San Giacomo,Via Edilio Raggio 12,0143 332111 0143 332460 (consultorio),Non specificati,SI,SI,SI,Per IVG si accede tramite consultorio in via Papa Giovanni XXIII n.1 -  tel 0143 332640 su appuntamento.,15067,Novi Ligure AL
Ospedale Infermi di Biella,"Via dei Ponderanesi,  2",015 15151 015 15157636 (reparto IVG) 015 15157699 (reparto IVG) 015 15159351 (consultorio),solo la mattina,SI,SI,SI,"Si accede al percorso IVG tramite consultorio di Biella in via Caraccio 4 - tel 015 15159351 senza appuntamento, le dottoresse ci sono solo la mattina",13875,Ponderano BI
Azienda Ospedaliero-Universitaria Ospedale Maggiore della Carità di Novara,Largo Bellini,03213733672 (reparto) 0321 374459 (consultorio),Non specificati / Per IVG farmacologiche accesso diretto lunedì e mercoledì h 8-9 ambulatorio ginecologia seminterrato padiglione E,SI,SI,SI,Si accede al percorso IVG su appuntamento tramite consultorio del distretto in viale Roma 7. telefonare al numero 0321 374459 per appuntamento.,28100,Novara NO
Ospedale ostetrico ginecologico Sant'Anna - Torino,"Via Ventimiglia,  3",011 6331633,Non specificati,SI,SI,SI,"Per IVG richiedere prima certificato da un consultorio o ginecologo privato, poi prenotare tramite centralino chiedendo lo sportello 13",10126,Torino TO
Azienda Ospedaliera Nazionale SS. Antonio e Biagio e Cesare Arrigo (parte di Ospedale Civile Santi Antonio e Biagio e Cesare Arrigo),"Via Venezia,  16",0131 206111 0131 206197 (Reparto IVG),Non specificati,SI,SI,SI,nan,15121,Alessandria AL
Ospedale Centrale Di Bolzano,"Via Lorenz Böhler,  5",0471 908111                0471 348536,Non specificati,SI,SI,SI,nan,39100,Bolzano BZ
Ospedale S. Chiara - Trento,"Largo Medaglie d'oro,  9",0461 903111,Non specificati,SI,SI,SI,"L'IVG chirurgica viene effettuata al Presidio Ospedaliero Villa Igea in Via Malta, 16, 38122 Trento",38122,Trento TN
"Ospedale ""Tappeiner"" Merano - Bolzano","Via Rossini,  5",0473 264080 (ambulatorio) 0473-264088; 0473-264082; 0473 263333 (centralino),Giorni feriali ore 8-16,SI,SI,SI,nan,39012,Merano BZ
Ospedale di Belluno,"Viale Europa,  22",0437 516359,Non specificati,SI,SI,SI,L'IVG chirurgica viene fatta con pre-ospedalizzazione + Day Hospital,32100,Belluno BL
Ospedale Civile S. Maria degli Angeli - Adria,"Piazzale degli Etruschi,  9",0426 940370,Non specificati,SI,SI,SI,L'IVG chirurgica viene fatta con pre-ospedalizzazione + Day Hospital,45011,Adria RO
Ospedale di Feltre,"Via Bagnols Sur Cèzè,  1",0439 883447,Lunedì e venerdì,SI,SI,SI,L'IVG chirurgica viene fatta con pre-ospedalizzazione + Day Hospital,32032,Feltre BL
Ospedale Civile di Arzignano,via del Parco 1 -  Arzignano VI,0444 479111,Non specificati,SI,SI,SI,"L'IVG viene organizzata ed effettuata un giorno a settimana nel quale operano ginecologi esterni alla struttura. L'accesso avviene attraverso i consultori di Arzignano o Montecchio, in base alla residenza della paziente. L'IVG chirurgica viene fatta con pre-ospedalizzazione + Day Hospital",36071,
Ospedale Civile di Conegliano,"Via Brigata Bisagno,  2",0438 663290,Lunedì,SI,SI,SI,Per info ginecologiacn@ulss7.it L'IVG chirurgica viene fatta con pre-ospedalizzazione + Day Hospital,31015,Conegliano TV
Ospedale di Mirano,Via Don Giacobbe Sartor 4 -  Mirano (VE),0415 103520,Non specificati,SI,SI,SI,L'IVG chirurgica viene fatta con pre-ospedalizzazione + Day Hospital,30035,
Ospedale Di Legnago (Vr),"Via Carlo Gianella,  1",0442 622499 (prenotazione) 0442-622224 0442 622111,Non specificati,SI,SI,SI,Per accedere al percorso IVG telefonare la mattina entro le 13 al numero 0442 622499,37045,Legnago VR
Azienda Ospedaliera Universitaria Integrata di Verona (formata da Borgo Trento e Borgo Roma),P.le A. Stefani 1,045 8121111 (centralino) 045 2323717 (CUP per prenotazioni) 045 8122178 (Borgo Trento),"lunedì, mercoledì e venerdì dalle 11 alle 13",SI,SI,SI,"Per accesso al percorso IVG bisogna avere l'impegnativa con richiesta di datazione ecografica della gravidanza, ottenibile tramite consultorio e/o medico di fiducia. In tale documento viene specificato un tempo di attesa di 7 giorni dalla data di emissione per l'effettuazione della procedura chirurgica. In caso di urgenza per scadenza dei termini deve essere riportata sul documento la specifica di urgenza.  - Impegnativa con richiesta di datazione ecografica della gravidanza.  - Programmazione intervento tramite Day Hospital specialistico previa valutazione presso l'ambulatorio di Pianificazione Familiare - IVG.  - Presa in carico a breve termine ed effettuazione della prestazione richiesta secondo termini di legge. Richiesta medico curante ecografia per datazione gravidanza",37126,Verona VR
I.R.C.C.S Burlo Garofolo - Istituto per l'infanzia di Trieste,"Via dell'Istria,  65/1",040 3785111           040 3785384 (reparto) 040 3785370 (ginecologia),Non specificati,SI,SI,SI,Per avere informazioni bisogna chiamare reparto di ginecologia al numero 040 3785370 dalle 12 alle 14 Ambulatorio al 4 piano scala B,34137,Trieste TS
Ospedale S. Andrea di La Spezia,"Via Vittorio Veneto,  197",0187 533329        0187 533401 (reparto),Non specificati,SI,SI,SI,"Si accede al percorso IVG tramite consultorio. Procedura IVG in Day Hospital, le analisi vengono effettuate presso l'ospedale.",19121,La Spezia SP
Ospedali Riuniti Imperia E Costarainera - Imperia (Online Come Ospedale Civile Di Imperia),Via Sant'Agata 57,0183 5361                      0183 537454 (per prenotazione),Non specificati,SI,SI,SI,Per accedere al percorso IVG occorre prenotare presso il reparto day surgery entro le ore 14 . Telefonare al numero 0183 537454,18100,Imperia IM
Ospedale SS Annunziata- Cento (FE),Via Vicini 2,051 683 8111 0516 838431 (consultorio),Non specificati,SI,SI,SI,Prenotazione tramite consultorio di Cento (0516 838431) dal lunedì al venerdì dalle ore 12:30 alle 13:30 L'IVG chirurgica viene fatta con pre-ospedalizzazione + Day Hospital,44042,Cento FE
Ospedale di Faenza (anche Ospedale Degli Infermi di Faenza),Viale Stradone 9,0546 601880,Non specificati,SI,SI,SI,L'IVG chirurgica viene fatta con pre-ospedalizzazione + Day Hospital,48018,Faenza RA
Ospedale Provinciale di Reggio Emilia,"Viale Risorgimento,  80",0522 296111,Non specificati,SI,SI,SI,L'IVG chirurgica viene fatta con pre-ospedalizzazione + Day Hospital,42123,Reggio Emilia RE
Ospedale Santa Maria delle Croci - Ravenna,"Viale Vincenzo Randi,  5",0544 285233,Mattina,SI,SI,SI,L'IVG chirurgica viene fatta con pre-ospedalizzazione + Day Hospital,48121,Ravenna RA
Ospedale Sant'Orsola - Bologna,Via Albertoni 15 -  Bologna BO,051 214 1111 0512 143535 (prenotazione),"martedì e venerdì, salvo eventuali urgenze",SI,SI,SI,Prenotazione in ambulatorio o telefonica allo 0512 143535 dal lunedì al venerdì dalle 11 alle 13.30. La paziente deve essere in possesso del certificato al momento della prenotazione. L'IVG chirurgica viene fatta con pre-ospedalizzazione + Day Hospital,40138,
Ospedale Franchini - Montecchio,"Str. Barilla,  16",0522 860111 0522 860164 (consultorio),Non specificati,SI,SI,SI,Accesso al percorso IVG tramite consultorio.  L'IVG chirurgica viene fatta con pre-ospedalizzazione + Day Hospital,42027,Montecchio Emilia RE
Ospedale Santa Maria della Scaletta - Imola,"Via Montericco,  4",0542 664190,Non specificati,SI,SI,SI,L'IVG chirurgica viene fatta con pre-ospedalizzazione + Day Hospital,40026,Imola BO
Ospedale di Forlì- Morgagni e Pierantoni,"Via Carlo Forlanini,  34",0543 733100 (consultorio) 0543 731111,"IVG farmacologica tutti i giorni, IVG chirurgica solo il venerdì",SI,SI,SI,Prenotazione tramite consultorio al numero 0543 733100 tutti i giorni. L'IVG chirurgica viene fatta con pre-ospedalizzazione + Day Hospital,47121,Forlì FC
Ospedale di Mirandola-(MO),"Via Antonio Fogazzaro,  6",0535 602111 0535602815 (consultorio),IVG chirurgica secondo turnazione del medico,SI,SI,SI,Prenotazione tramite consultorio al numero 0535602815 dal lunedì al sabato dalle ore 8:30 alle 12:30. L'IVG chirurgica viene fatta con pre-ospedalizzazione + Day Hospital,41037,Mirandola MO
Ospedale Infermi di Rimini,"Viale Luigi Settembrini,  2",0541 705111 0541 747604 (consultorio),Martedì,SI,SI,SI,Accesso tramite consultorio al 0541 747604 L'IVG chirurgica viene fatta con pre-ospedalizzazione + Day Hospital,47923,Rimini RN
Azienda Ospedaliera Pisana (anche Ospedale Cisanello),"Via Roma,  67",050 992111 050 992600/1 (ambulatorio) 050 992600 (consultorio),Non specificati,SI,SI,SI,Servizio IVG in Day Hospital. Day Hospital di Ginecologia/Ostetricia in ambulatorio nell'Edificio 5.,56126,Pisa PI
Ospedale di Nottola,Località Nottola,0578 713054,Non specificati,SI,SI,SI,Prenotare tramite consultorio chiamando al cell di riferimento 3387240764,53045,Ospedali Riuniti Valdichiana Sudest SI
Azienda ospedaliero-universitaria Careggi,"Largo Piero Palagi,  1",055 794111 055 7947729 (per informazioni),Non specificati,SI,SI,SI,"Si accede al percorso IVG tramite l'Ufficio di programmazione chirurgica per interventi di Pianificazione familiare (IVG) da lunedì al giovedì ore 7:30 alle 9. Per accedere si prende il numero relativo alla ""pianificazione familiare"" dall'apposito Totem nella hall del Padiglione 7 Maternità e si attende la chiamata nella sala di attesa stanza 35. Per informazioni su IVG recarsi di persona o telefonare al numero 055 7947729 dal lunedì al venerdì dalle 11 alle 13.",50139,Firenze FI
Ospedale Città di Castello (PG),"Via Luigi Angelini,  10",075 85091,Non specificati,SI,SI,SI,nan,06012,Città di Castello PG
Ospedale di Umbertide (PG),Via Camillo Benso Conte di Cavour,0759 422272 - ambulatorio194.altotevere@uslumbria1.it,"lunedì, mercoledì e venerdì",SI,SI,SI,"Servizio attivo lunedì-mercoledì-venerdì per IVG con metodo farmacologico, il venerdì per IVG con metodo chirurgico. Accesso tramite i servizi consultoriali, inviando una mail alla casella di posta elettronica dedicata (ambulatorio194.altotevere@uslumbria1.it) o chiamando il numero 0759 422272",06019,Umbertide PG
Presidio Ospedaliero Senigallia (An),"Via B. Cellini,  1",071 79092504 (reparto ginecologia)  071 79092339 (consultorio),"Ivg farmacologica il martedì, giovedì e sabato. Ivg chirurgica il lunedì e il mercoledì.",SI,SI,SI,Si accede al percorso IVG tramite Consultorio. Telefonare al numero 071 79092339 dal lunedì al venerdì dalle 8.30 alle 12.30,60019,Senigallia AN
Ospedale Mazzoni Ascoli Piceno,"Via degli Iris,  1","0736 358548, coordinatrice reparto ostetricia e ginecologia",sabato mattina,SI,SI,SI,Per accedere all'IVG bisogna presentare il certificato IVG che si può richiedere presso un consultorio pubblico. Per il consultorio AIED telefonare al numero 0736 255270.,63100,Ascoli Piceno AP
Asur Urbino (Pu),Viale Guido Da Montefeltro 45,0722 3011,Non specificati,SI,SI,SI,nan,61029,Urbino (PU)
Ospedale San Filippo e Nicola di Avezzano,Via G. di Vittorio,Reparto ginecologia  0863499202 - 0863499201,Tutti i giorni tranne sabato dalle 11 alle 13,SI,SI,SI,"Si accede al percorso IVG senza appuntamento, insieme al ginecologo si sceglie percorso più adatto (chirurgico o farmacologico) e non è necessario portare documenti.",67051,Avezzano AQ
Ospedale S. Maria Goretti - Latina,Via Antonio Canova,0773 703908,Non specificati,SI,SI,SI,"Si accede al percorso IVG tramite consultorio, che prende l'appuntamento per l'IVG. 5/7 posti disponibili a settimana",04100,Latina LT
Ospedale San Filippo Neri,"Via Giovanni Martinotti,  20",0633 062424,"lunedì, mercoledì e venerdì",SI,SI,SI,"Disponibili 6 posti a settimana per il chirurgico, 6 per il farmacologico.",00135,Roma RM
Ospedale Sandro Pertini,"Via dei Monti Tiburtini,  385",0641 433356,martedì e giovedì,SI,SI,SI,Il servizio è disponibile tutte le mattine dal lunedì al venerdì con 12 posti per chirurgiche e 18 posti per le farmacologiche a settimana,00157,Roma RM
Ospedale San Giuseppe Moscati - Avellino,Contrada Amoretta,0825 203111,Accettazione martedì e giovedì dalle 8:00 alle 10:00 per fissare data dell'ivg,SI,SI,SI,"Si accede al percorso IVG tramite consultorio per certificato e ecografia. In seguito si prenota visita in ospedale di persona a ginecologia dal lunedì al giovedì dalle 9 alle 12 portando tessera sanitaria, certificato interruzione e ecografia.",83100,Avellino AV
Azienda Ospedaliera Caserta (Anche Ospedale Sant'Anna E San Sebastiano),Via Ferdinando Palasciano,0823 231111,lunedì e mercoledì mattina dalle ore 7.30 alle ore 09.30,SI,SI,SI,"Privato convenzionato.  Per poter accedere al servizio IVG è necessario disporre di documento d’identità, tessera sanitaria, certificato medico, rilasciato da qualsiasi professionista medico abilitato, che attesti l’epoca della gravidanza e la volontà dell’assistita di volerla interrompere. Qualora il paziente fosse minorenne occorrerà il consenso-assenso dei genitori o specifica autorizzazione rilasciata dal Giudice Tutelare del Tribunale dei minori competente.",81100,Caserta CE
Azienda Ospedaliera Universitaria Luigi Vanvitelli,"Largo Madonna Delle Grazie,  1",081 5665600; 081 5665601,"Prenotazioni dal Lunedì al Venerdì dalle h 9,00 alle h13,00",SI,SI,SI,IDENTITA' / TESSERA SANITARIA / TEST BHCG,80138,Napoli NA
Azienda Universitaria Policlinico Online Come Azienda Ospedaliera Universitaria Federico II,Via S.Pansini 5,081 7462975 (per prima visita),Telefonare dal lunedì al venerdì dalle 9 alle 11 per prenotare la visita di accesso al percorso IVG.,SI,SI,SI,Il reparto IVG si trova al V piano.,80131,Napoli NA
Presidio Ospedaliero Bari Sud,"Via Ospedale di Venere,  1",080 4626250 (pianificazione familiare - responsabile dottoressa Caradonna),Non specificati,SI,SI,SI,Si accede al percorso IVG su appuntamento. Telefonare alla pianificazione familiare. Per IVG farmacologia e chirurgica la struttura rimanda a Triggiano,70131,Bari BA
Azienda Ospedaliera - Ospedali Riuniti - Foggia,"Viale Luigi Pinto,  1",0881 736261 (ginecologia)         0881 731111 (centralino),Non specificati,SI,SI,SI,"Si accede al percorso IVG su appuntamento. Telefonare al reparto ginecologia tutti i giorni, solo di mattina.",71122,Foggia FG
Ospedale Di Triggiano - Bari,"Viale Aldo Moro,  32",080 4626250 ( pianificazione familiare) 080 50151111 (centralino),Non specificati,SI,SI,SI,"Si accede al percorso IVG solo su appuntamento, telefonando al servizio di Pianificazione Familiare (0804 626250)",70019,Triggiano BA
Ospedale Di Venere - Bari,"Via Ospedale di Venere,  1",080 5015111 (centralino),Non specificati,SI,SI,SI,Si accede al percorso IVG su appuntamento tramite la pianificazione familiare di Triggiano. La struttura rimanda a Triggiano anche per IVG chirurgica e ItTG,70131,Bari BA
Presidio Ospedaliero N.1 V. Fazzi - San Cesario (Lecce),"Piazza Filippo Muratore,  1",0832 661509 (ginecologia) 0832 215039 (centralino),Non specificati,SI,SI,SI,"Si accede al percorso IVG su appuntamento, chiamando il reparto ginecologia avendo già la documentazione (certificato e ecografia). Telefonare il martedì e il venerdì",73100,Lecce LE
Presidio Ospedaliero San Paolo - Bari,Via Capo Scardicchio,Per prenotazioni 0805843218 oppure po-sanpaolo.uosvd@asl.bar.it,Chiamare dal lunedì al venerdì mattina,SI,SI,SI,Il certificato e la datazione si possono fare direttamente da loro,70123,Bari BA
Ospedale G. Tatarella - Cerignola (Fg),Via Trinitapoli,0885 419111 (centralino) 0885 419606 (ginecologia) 0885 419600 (ostetrica referente),Non specificati,SI,SI,SI,Si accede al percorso IVG su appuntamento chiamando il reparto e avendo già impegnativa del medico curante.,71042,Cerignola FG
"Ospedale Bianchi - Melacrino - Morelli - Reggio Calabria Online Come  Presidio Ospedaliero ""Morelli""",Viale Europa  - Reggio Calabria (RC,0965 397111,dal lunedì al venerdì,SI,SI,SI,Per accedere a IVG ci si può presentare direttamente al reparto di ginecologia in via Melacrino - ambulatorio 2 al 5° piano e chiedere dell'Ostetrica Polimeni Katia. Presentarsi con un certificato.,89133,
Presidio Ospedaliero  “G. Jazzolino” Di Vibo Valentia,Piazza Fleming  Vibo Valentia VV,0963 962111 (centralino) 0961 789789 (reparto ginecologia),Non specificati,SI,SI,SI,Si accede al percorso IVG telefonando al reparto ginecologia al numero 0961 789789 dal lunedì al venerdì dalle 10 alle 12,89900,
"Azienda Sanitaria Provinciale Di Cosenza ""Ospedale Di Castrovillari""",VIa P. Pio da Pietralcina,0981 4851 0981 485/389-385-292  (prenotazione),Non specificati,SI,SI,SI,Si accede al percorso IVG telefonando all’ospedale al numero 0981 485/389-385-292 o recandosi al consultorio che prende contatti diretti con ospedale,87012,Castrovillari CS
San Carlo Azienda Ospedaliera Regionale,Via Potito Petrone,"0971 612618 (ginecologia)            0971 613177 (ambulatorio) 0971 611111 (centralino, chiamare e chiedere il reparto IVG)","venerdì su prenotazione dalle 8,30 al Padiglione F1 al 4* Piano",SI,SI,SI,Accesso sl percorso IVG tramite consultorio dove fanno certificato e poi il venerdi mattina si va in ospedale previa prenotazione telefonica da lunedi al giovedi dalle 11 alle 13.30,85100,Potenza PZ
Ospedale Civile Villa D'Agri - Marsicovetere (Pz),"Viale S. Pio da Pietrelcina,   Villa d'Agri",0975 325050 (ginecologia)           0975-312111 (centralino),"Lunedì, martedì e giovedì",SI,SI,SI,Telefonare ogni giorno di mattina,85050,Marsicovetere PZ
Presidio Ospedaliero Madonna Delle Grazie - Matera,Contrada Cattedra Ambulante,0835-253111 (centralino) 0835-253832 (ambulatorio)  0835 253669 (servizio IVG),Non specificati,SI,SI,SI,Si accede a IVG tramite appuntamento telefonico,75100,Matera MT
AOU Policlinico Paolo Giaccone di Palermo,"Via del Vespro,  129",091/655200989,Martedì dopo le 9 in ordine di arrivo,SI,SI,SI,"Padiglione 1a, day hospital senza appuntamento",90127,Palermo PA
Ospedale San Giovanni di Dio di Agrigento,Contrada Consolida,0922 442415-16,Martedì mattina,SI,SI,SI,Si accede al percorso IVG tramite consultorio che rilascia certificato. Dopo una settimana dalla data del certificato telefonare in ospedale per appuntamento allo 0922 442415,92100,Agrigento AG
Ospedale San Giacomo D'Altopasso Licata,Contrada Cannavecchia,0922 869222 oppure 0922 869234,Non specificati,SI,SI,SI,nan,92027,Licata AG
Ospedale Civico - Palermo (Anche Azienda Ospedaliera Civico Di Cristina Benfratelli),Piazza Nicola Leotta 4 -  Palermo PA,091 6662564 091 666111 (centralino),Accesso il venerdì mattina dalle 9 per 14 appuntamenti.,SI,SI,SI,"Piano terra, stanza 8. Martedì si effettuano i chirurgici; Venerdì ambulatorio; IVG farmacologica si effettua tutti i giorni",90127,
Azienda Ospedaliera G. Brotzu - Cagliari,"Piazzale Alessandro Ricchi,  1",070 539537/533/532,Dalle 8 alle 20 salvo urgenze,SI,SI,SI,nan,09134,Cagliari CA
Ospedale Nostra Signora di Bonaria -San Gavino Monreale,Via Roma,070 9378258  070 9378331,Preferibilmente pomeriggio,SI,SI,SI,Possibilità di certificato presso la struttura,09037,San Gavino Monreale SU
Policlinico Universitario di Cagliari (anche Ospedale Civile - Azienda Ospedaliera Universitaria di Cagliari),"Via Ospedale,  54",070 51093250 070 6092344 (centralino),Non specificati,SI,SI,SI,nan,09124,Cagliari CA
Ospedale Ss. Trinita' - Is Mirrionis - Cagliari,"Via Is Mirrionis,  92",070 609 5925 070 6095796 (accettazione ginecologia),Non specificati,SI,SI,SI,nan,09121,Cagliari CA
Policlinico Universitario Sassari (Anche Cliniche Di San Pietro E Azienda Ospedaliera Sanitoria Di Sassari),"Viale S. Pietro,  43 / B",0792 28268  0792 28262 (ginecologia) 0792 28263 (ostetricia) 0792 28261 (segreteria),Martedì e venerdì ad accesso diretto,SI,SI,SI,ITG fino a 23 settimane,07100,Sassari SS
"Ospedale Giovanni Paolo II, Olbia","Via Bazzoni - Sircana,   Località Tannaule",0789 552708 0789 552973 (reparto),L'Ambulatorio ostetrico ginecologico (n.13) è a piano terra. Ogni martedì l'ostetrica riceve pazienti e esegue esami dalle 7.30 alle 14. Sempre di martedì si svolgono gli interventi.   Il tampone Covid viene fatto il giovedì o il venerdì mattina.,SI,SI,SI,ITG fino a 22 settimane,07026,Olbia SS
Ospedale Martini,"Via Tofane,  71",011 7095 2531 oppure 011 7095 2127,Prenotare dal lunedì al venerdì h 8.30-14.00 al numero 01170952127,SI,SI,SI,"Preferibile prenotazione con certificato del consultorio o del ginecologo curante, ma in caso di urgenza il certificato viene rilasciato in ospedale",10141,Torino TO
Ospedale Umberto Parini - Aosta,"Via Ginevra,  3",0165 545503 0165 545555,Non specificati,SI,SI,Non specificato,nan,11100,Aosta AO
Ospedale Beauregard - Aosta,"Via L. Vaccari,  5",0165545460 (ambulatorio dell’ostetrica per info e prenotazioni),Chiamare dalle 12:30 alle 14:30,SI,SI,Non specificato,"Richiedono Impegnativa per ""visita ginecologica urgente"" fatta dal medico di base",11100,Aosta AO
Ospedale Filippo del Ponte-Varese,"Via Filippo del Ponte,  19",0332 299442 (prenotazione) 0332 299111 (centralino),tutti i giorni dalle 8 alle 18,SI,SI,Non specificato,"Si accede al percorso IVG tramite l'ambulatorio Ottagono, anche senza appuntamento. Portare impegnativa del medico di base per ""visita ginecologica per Ivg"". Modalità di interruzione non specificata.",21100,Varese VA
"ASST Bergamo EstOspedale ""Pesenti Fenaroli"" di Alzano Lombardo (BG)","Via Giuseppe Mazzini,  88",333 6172809 (ostetrica); 035 3064236 (centralino); mail: ostetricia.alzano@asst-bergamoest.it,Chiamare dal lunedì al venerdì dalle 8 alle 16,SI,SI,NO,"Organizzazione dipartimentale per cui: farmacologiche a Alzano, chirugiche a Piario, terapeutico a Seriate.",24022,Alzano Lombardo BG
Ospedale di Carate Brianza,"Via Leopardi,  5",371 374 800,"lunedì, mercoledì e venerdì dalle 11.30 alle 13",SI,SI,Non specificato,"Per per la scelta del tipo di IVG e la prenotazione delle IVG si accede al Pre-Ricovero il lunedì dalle 8.30 alle ore 11.15 previa accettazione presso il CUP situato all’ingresso dell’Ospedale.  DOCUMENTI NECESSARI:  - Certificazione per la richiesta di  IVG rilasciata dal consultorio o da un Medico di  fiducia   - Richiesta di visita ostetrica ed ecografia per valutazione e  programmazione IVG rilasciata dal medico di fiducia o dal consultorio.  - Carta regionale dei servizi  tessera sanitaria o STP.  - Carta d’identità o passaporto.  - Eventuale documentazione clinica precedente, anche riferita ad altre patologie, incluse lettere di dimissione per precedenti ricoveri.  Una volta in possesso della documentazione, questi gli step necessari:  1. VISITA AMBULATORIALE, previa prenotazione, per la scelta (farmacologica / chirurgica ) e la prenotazione della procedura;  2. Esecuzione del tampone Covid   3. PRERICOVERO ( solo per IVG chirurgiche) per gli esami preoperatori e visita anestesiologica;  4. RICOVERO in day hospital multi accesso per IVG farmacologica e in day hospital chirurgico per IVG chirurgica.",20841,Carate Brianza MB
Ospedale SS. Trinità - Romano di Lombardia,Via S. Francesco d'Assisi 12,0363 9901,IVG chirurgica il 1° e 3° martedì del mese. Prericoveri il 2° e 4° venerdì del mese.,SI,SI,NO,Si accede al percorso IVG tramite appuntamento telefonico. Chiamare dal lunedì al venerdì dalle 8 alle 15. Possibilità di certificazione in corso di colloquio pre-ricovero. In caso di urgenza o nei periodi di chiusura del DH di Romano le prestazioni vengono garantite c/o il presidio ospedaliero di Treviglio. Terapeutico (ITG) sempre a Treviglio,24058,Romano di Lombardia (BG)
"Asst Del Garda Ospedale Gavardo ""La Memoria""","Via Santa Maria,  24",036 5378334 (caposala per prenotazioni) 036 53781 (centralino) 0365 378477 (prenotazioni),due volte al mese,SI,SI,NO,Si accede al percorso IVG su prenotazione al numero  0365 378334-477. Necessario poi inviare la certificazione e l'ecografia via email (indirizzo fornito al telefono). Possibile fare certificato ed ecografia anche presso la struttura.,25085,Gavardo BS
Presidio Ospedaliero di Lodi,"Viale Savoia,  4",0371 376002,Da lunedì a venerdì dalle 10.30 alle 12.30 e dalle 14 alle 15 su appuntamento,SI,SI,Non specificato,"Si accede al percorso IVG prenotando telefonicamente. Alla prima visita portare certificato, tessera sanitaria e documento d'identità. Sarà possibile scegliere la modalità di intervento in base alla datazione.",26900,Lodi LO
Presidio Ospedaliero di Legnano e Cuggiono (MI),"Via G. Badi,  4",02 97331 (centralino) 0331 449984  (ginecologia) 0331449985-271 (prenotazione),Non specificati,SI,SI,NO,"Si accede al percorso IVG tramite appuntamento con ambulatorio, da prendere telefonando al numero 0331449985-271 dal lunedì al venerdì al mattino. Ivg faramcologica somministrata solo a pazienti interne",20012,Cuggiono MI
Ospedale Circolo Galmarini di Tradate (VA),"Piazza A. Zanaboni,  1",0331 817111 (centralino)  0331 817498 (capostetrica)        0331 817244 (prenotazioni),Non specificati,SI,SI,NO,"Per accedere al percorso IVG è necessario prendere un appuntamento telefonando tutti i giorni al numero 0331 817244, essendo già in possesso di ecografia e certificato. Per interruzione terapeutica (ITG) rivolgersi a Varese",21049,Tradate VA
Ospedale civile ss Antonio e Margherita,Via XX Settembre,0131 865111 (centralino) 0131 865212 (consultorio),Non specificati,SI,SI,NO,Si accede al servizio IVG passando per il consultorio di via Milazzo 1 (ex Caserma Passalacqua) - tel 0131 865212.,15057,Tortona AL
Ospedale Civile Cardinal Massaia,"Corso Dante Alighieri,  202",0141 481111 0141 482081 (consultorio),Non specificati,SI,SI,Non specificato,"Si accede al servizio IVG tramite consultorio ginecologico di Asti in via Baracca 6 - tel. 0141 482081 su appuntamento. Al primo incontro portare test positivo di laboratorio, tessera sanitaria e documento.",14100,Asti AT
Ospedale Civico di San Lazzaro,"Via Pietrino Belli,  26",0173 316111 0173 316272 0173 316145 (consultorio Alba) 0172 420423 (consultorio Bra),Non specificati,SI,SI,Non specificato,Si accede al servizio IVG tramite consultorio di Alba in via Armando Diaz 3 - tel 0173 316145 oppure tramite consultorio di Bra in via Goito 1 - tel 0172 420423. I consultori di Bra e Alba fanno capo anche all'Ospedale Michele e Pietro Ferrero di Verduno.,12051,Alba CN
Azienda Sanitaria Ospedaliera S.Croce e Carle,"Via Michele Coppino,  26",0171 641111  0171 450434 (consultorio),Non specificati,SI,SI,Non specificato,Si accede al servizio IVG tramite consultorio in via Carlo Boggio 14 Cuneo - tel 0171 450434 su appuntamento,12100,Cuneo CN
Ospedale Maggiore di Chieri (TO),"Via de Maria,  1",011 94291 011 94293803 (consultorio Chieri) 011 9451288 (consultorio Poirino),Non specificati,SI,SI,Non specificato,"Si accede al percorso IVG tramite consultorio. Possibile rivolgersi a: - Chieri in piazza Silvio Pellico 1 - tel 011 94293803 - Poirino via Indipendenza 84 - tel 011 9451288 Portare test positivo di laboratorio, tessera sanitaria e documento identità.",10023,Chieri TO
Ospedale Civico di Chivasso (TO),Corso Galileo Ferraris 3,011 9176666                          011 9176610 (consultorio),Non specificati,SI,SI,Non specificato,Si accede al percorso IVG tramite consultorio in via Nino Costa 43 - tel 011 9176610,10034,Chivasso (TO)
Ospedale Santa Croce di Moncalieri (TO),"Piazza Amedeo Ferdinando,  3",011 69301,Non specificati,SI,SI,Non specificato,Si accede al percorso IVG tramite consultorio del distretto sanitario in via Vittime di Bologna 20 - tel 011 69301,10024,Moncalieri TO
Ospedale Civile E. Agnelli di Pinerolo (TO),"Via Brigata Cagliari,  39",0121 2331 0121 235144 (prenotazioni),Non specificati,SI,SI,Non specificato,Si accede al percorso IVG tramite consultorio in Str.le Fenestrelle 72 solo su appuntamento. Per appuntamento telefonare al 0121 235144 il lunedì e il giovedì dalle 10 alle 12 Email consultorio.famigliare.pinerolo@aslto3.piemonte.it,10064,Pinerolo TO
ASO - Ordine Mauriziano di Torino e Candiolo (TO),"Corso Re Umberto,  109",011 5082921 011 5082429 (Ostetricia)                 011 5082315 (ginecologia),Non specificati,SI,SI,Non specificato,Si accede al percorso IVG su prenotazione. Prenotare dopo aver chiesto un certificato da un consultorio o da un ginecologo privato.,10128,Torino TO
Ospedale Maria Vittoria - Torino,"Via Luigi Cibrario,  72",011 4393111,Non specificati,SI,SI,Non specificato,Per IVG richiedere prima certificato da un consultorio o ginecologo privato. Per prenotazioni telefonare solo il martedì tramite Day Surgery ostetricia (tel 011 975595),10144,Torino TO
Ospedale Castelli - Verbania,"Via Fiume,  18",0323 5411,ogni venerdì,SI,SI,Non specificato,Prima si prende certificazione dal consultorio o ginecologo privato poi telefonare al centralino per appuntamento (chiedere di ostetricia).,28922,Pallanza VB
Ospedale S.Andrea - Vercelli,"Corso Mario Abbiate,  21",0161 593111,Non specificati,SI,SI,Non specificato,Si accede al percorso IVG tramite consultorio solo su appuntamento. Telefonare ai numeri 0161 593020 oppure 0161 593647 per effettuare prima visita e certificazione. Il consultorio indirizza poi in ospedale.,13100,Vercelli VC
Ospedale San Biagio - Domodossola,"Largo Caduti Lager Nazisti,  1",0324 4911 0324 491208 (reparto IVG),Non specificati,SI,SI,Non specificato,nan,28845,Domodossola VB
Ospedali Riuniti ASL AL di Casale Monferrato (anche Ospedale Santo Spirito),"Viale Giovanni Giolitti,  2",0142-434111 0142 434005 (Reparto IVG),Non specificati,SI,SI,NO,nan,15033,Casale Monferrato AL
Azienda Ospedaliera Universitaria di Padova,"Via Nicolò Giustiniani,  3",049 8213087,11-14.30 da lunedì a venerdì,SI,SI,NO,"Prenotano la visita per l'apertura della cartella, richiedono: tessera sanitaria elettronica e cartacea, documento d’identità, Ecografia, Certificato IVG",35128,Padova PD
Ospedali Riuniti Padova Sud,Via Albere 30,0429 715731,Non specificati,SI,SI,NO,"L'IVG chirurgica viene fatta con pre-ospedalizzazione + Day Hospital. Richiesto invio alla caposala di Documento d'identità, Tessera sanitaria elettronica, Certificato IVG, Ecografia.",35043,Monselice (loc. Schiavonia) PD
Presidio Ospedaliero Di Treviso,"Piazzale dell'Ospedale,  1",0422 322111,Non specificati,SI,SI,Non specificato,Si accede al percorso IVG su appuntamento tramite consultorio del territorio oppure munite di certificato per interruzione e ecografia prendendo appuntamento con capo sala di ginecologia tramite centralino.,31100,Treviso TV
Ospedale Civile Di Dolo (Ve),"Via 29 Aprile,  2",041 5133111,tutti i giorni dal lunedì al venerdì dalle 10 alle 13 al reparto ginecologia,SI,SI,Non specificato,nan,30031,Dolo VE
Ospedale Alto Vicentino o Ospedale Santorso,"Via Garziere,  42",Consultorio Thiene c/o Centro Sanitario Polifunzionale: 0445 389037 ore 11.00 - 13.00 martedì e giovedì Consultorio Schio c/o Casa della Salute 0445 509059  ore 11.00 - 13.00 mercoledì e venerdì Reparto ospedale per prenotazioni 0445 571660,Non specificati,SI,SI,Non specificato,"La certificazione può essere rilasciata dal proprio medico o dal consultorio. Poi ci si può rivolgere direttamente presso il reparto di Ginecologia di Santorso, il lunedì pomeriggio dalle 18.30 alle 19.45 per la prenotazione dell’intervento. Tutte le informazioni qui: https://www.aulss7.veneto.it/procedure-per-ivg e https://www.aulss7.veneto.it/consultori-distretto-2",36014,Santorso VI
Ospedale San Bonifacio (Vr),"Via Circonvallazione,  1",045 6138111 0456 138692 (prenotazione),Non specificati,SI,SI,Non specificato,"Si accede al percorso IVG prenotando al numero 0456 138692 il lunedì, martedì, giovedì e venerdì dalle 10.30 alle 12.30. Al momento della prenotazione bisogna essere in possesso di ecografia ostetrica, certificato per interruzione, tessera sanitaria e documento di identità.",37047,San Bonifacio VR
Ospedale San Polo di Monfalcone (GO),"Via Galvani,  1",048 14871 0481 487243 (prenotazione),Non specificati,SI,SI,Non specificato,Si accede al percorso IVG tramite consultorio per certificato e dopo si può prenotare recandosi di persona oppure chiamando al numero 0481 487243 per fissare la prima visita.,34074,Monfalcone GO
Azienda ospedaliera di Pordenone,"Via Montereale,  24",0434 399111,Non specificati,SI,SI,Non specificato,Si accede al percorso IVG tramite consultorio che rilascia certificato per interruzione ed ecografia che attesti le settimane di gravidanza,33170,Pordenone PN
Ospedale San Vito al Tagliamento (PN),"Via Savorgnano,  2",0434 841111,Non specificati,SI,SI,Non specificato,Si accede al percorso IVG tramite consultorio che indirizza o al San Vito oppure all'ospedale di Pordenone.,33078,San Vito al Tagliamento PN
Ospedale Civile di Latisana (UD),"Via Sabbionera,  45",0431 529111 0431 529226 (ginecologia),Non specificati,SI,SI,Non specificato,nan,33053,Latisana UD
Ospedale Civile S.Daniele del Friuli UD,"Via Trento Trieste,  33",0432 9491                    0432 949325 (prenotazione),Non specificati,SI,SI,Non specificato,Si accede al percorso IVG su appuntamento. Per prima visita e ecografia chiamare il numero 0432 949325,33038,San Daniele del Friuli UD
Ospedale San Antonio di Tolmezzo (UD),"Via Giobatta Morgagni,  20",0433 4881 0433 488240 (prenotazione),Non specificati,SI,SI,Non specificato,Si accede al percorso IVG su appuntamento chiamando al numero 0433 488240 dalle 9 alle 15 dal lunedì al venerdì.,33028,Tolmezzo UD
Azienda Ospedaliera Universitaria Udine,"Via Giobatta Morgagni,  20",0432 5521  0432 359695  (prenotazione),Non specificati,SI,SI,Non specificato,Si accede al percorso IVG tramite appuntamento. Telefonare al numero 0432 359695,33028,Tolmezzo UD
Azienda Ospedaliera S. Martino E Cliniche Universitarie Di Genova,"Largo Rosanna Benzi,  10",010 5552272,Non specificati,SI,SI,Non specificato,"Indirizzo per IVG: viale Benedetto XV 10, Padiglione 1, piano terra. Prenotazione da lunedì a venerdì dalle 8.30 alle 13. Procedura IVG in Day Hospital, le analisi vengono effettuate presso l'ospedale.",16132,Genova GE
Azienda Ospedaliera Villa Scassi (Sampierdarena) Di Genova,"Corso Onofrio Scassi,  1",010 8492495,Non specificati,SI,SI,Non specificato,"Per accedere al percorso IVG è necessario prenotare solo di persona il mercoledì alle 8.30. Procedura IVG in Day Hospital, le analisi vengono effettuate presso l'ospedale.",16149,Genova GE
Ospedale Santa Corona Di Pietra Ligure (Sv),Via XXV Aprile 38,019 6235055,Non specificati,SI,SI,Non specificato,"Per accedere al percorso IVG è necessario prenotare dal lunedì al venerdì dalle 8.30 alle 12.30. Procedura IVG in Day Hospital, le analisi vengono effettuate presso l'ospedale ma è preferibile portare un'ecografia.",17027,Pietra Ligure SV
Ospedale Di Lavagna,"Via Don Giovanni Battista Bobbio,  25",0185 3291,Non specificati,SI,SI,Non specificato,"Si accede al percorso IVG tramite consultorio. Procedura IVG in Day Hospital, le analisi vengono effettuate presso l'ospedale.",16033,Lavagna GE
Ospedale San Paolo Di Valloria - Savona,"Via Genova,  30",019 84041 019 8404884,Non specificati,SI,SI,Non specificato,"Si accede al percorso IVG è necessario prenotare dal lunedì al venerdì dalle 10 alle 13. Procedura IVG in Day Hospital, le analisi vengono effettuate presso l'ospedale.",17100,Savona SV
Ospedale Maggiore - Bologna,"Largo Nigrisoli,  2",051 6478111,Non specificati,SI,SI,Non specificato,Si accede al servizio IVG tramite consultorio,40133,Bologna BO
Ospedale Universitario Sant'Anna - Ferrara Anche Nuovo Arcispedale S.Anna Di Ferrara O Ospedale Di Cona,"Via Aldo Moro,  8",0532-236799           053 2236909 (Day surgery ginecologico) 0532 236356 (reparto),"il Mercoledì e il Venerdì dalle ore 8 alle ore 9 presso l'ambulatorio n.9 settore 1D1. Portare certificazione (IVG), documento di riconoscimento e tessera sanitaria per la presa in carico.",SI,SI,Non specificato,Si accede al percorso IVG presentandosi di persona negli orari indicati. Documenti necessari:  -  certificazione di Interruzione Volontaria di Gravidanza rilasciata dal medico di medicina generale o dal medico specializzato in ginecologia e ostetricia di fiducia - documento di riconoscimento  - tessera sanitaria  Se non si possiede la certificazione di Interruzione Volontaria di Gravidanza è possibile rivolgersi al Consultorio più vicino alla propria residenza. Vedi link: https://www.ospfe.it/cosa-fare-per../interrompere-volontariamente-la-gravidanza/allegati-ivg/Opuscolo%20Salute%20Donna%20AUSL%20Ferrara.pdf  L'invio all'Ospedale di Cona con la documentazione necessaria per la presa in carico sarà effettuato dal Ginecologo e dalle Ostetriche del Consultorio.,44124,Ferrara FE
Policlinico Di Modena,"Via del Pozzo,  71",059 4222111              059 4222194 (prenotazione),tutti i giorni dalle 8 alle 14,SI,SI,Non specificato,Per accedere al servizio IVG telefonare al numero 059 4222194 dal lunedì al venerdì per appuntamento.,41125,Modena MO
Ospedale Di Pavullo Nel Frignano (Mo),"Via Suore di S. Giuseppe Benedetto Cottolengo,  5",0536 29111,dal lunedì al venerdì dalle 8 alle 12,SI,SI,Non specificato,Per accedere al percorso IVG bisogna recarsi di persona al 1° piano con test di gravidanza di laboratorio dal lunedì al venerdì dalle 8 alle 12,41026,Pavullo Nel Frignano MO
Nuovo Ospedale Di Sassuolo (Mo),"Via Francesco Ruini,  2",0536 846111,Non specificati,SI,SI,Non specificato,Per accedere al percorso IVG è necessario avere il certificato per interruzione rilasciato dal consultorio o da un ginecologo di fiducia. Per appuntamento telefonare al numero 0536 846919 dal lunedì al venerdì dalle 8 alle 14,41049,Sassuolo MO
Presidio Ospedaliero Val Tidone - Castel San Giovanni - Piacenza,"Viale II Giugno,  92",0523 880111      0523 880252 (per info e prenotazioni),Non specificati,SI,SI,Non specificato,Per accedere al percorso IVG si passa per il consultorio di Borgo Novo. Per info e appuntamenti telefonare al numero 0523 880252,29015,Castel San Giovanni PC
"Ospedale Valdarno ""La Gruccia"" - Montevarchi (AR)","Piazza del Volontariato,  2",055 91061 (centralino),Non specificati,SI,SI,Non specificato,"Si accede al servizio IVG tramite consultorio in via Via III novembre 18, San Giovanni Valdarno - tel 055 9106457. Per appuntamento telefonare dal lunedì al venerdì dalle 12 alle 13",52025,Montevarchi AR
Ospedale Misericordia di Grosseto,"Via Senese,  161",0564 485111 0564 485736 (consultorio),Non specificati,SI,SI,Non specificato,"Si accede al percorso IVG tramite consultorio in Via Don Giovanni Minzoni, 9 su appuntamento. Per appuntamento telefonare al numero 0564 485736 dal lunedì al venerdì dalle 12 alle 14.",58100,Grosseto GR
Presidio Ospedaliero di Cecina (LI),"Via Montanara,  52B",0586 614111 0586 614208 (consultorio),Non specificati,SI,SI,Non specificato,Si accede al percorso IVG tramite consultorio su appuntamento. Telefonare al numero  0586 614208 dal lunedì al venerdì dalle 11  alle 13 oppure mandando una mail a consultorio.ce@usl6.toscana.it,57023,Cecina LI
Presidio Ospedaliero Livorno  (anche Ospedali Riuniti Livorno),"Viale Vittorio Alfieri,  n. 36",0586 223111 0586 223608 (consultorio),Non specificati,SI,SI,Non specificato,"Si accede al percorso IVG tramite consultorio dell'ospedale e solo su appuntamento. Telefonare al numero 0586 223608. Per la prima visita portare test positivo, documento valido e tessera sanitaria. IVG farmacologica fino a 8 settimane.",57124,Livorno LI
Presidio Ospedaliero Piombino (LI),"Via Carlo Forlanini,  24",0565 67111 (centralino) 0565 67681 (consultorio),Non specificati,SI,SI,Non specificato,"Si accede al percorso IVG tramite consultorio in via Giovanni Lerario 46 - tel. 0565 67681.  Telefonare per appuntamento. Portare test di gravidanza positivo, documento e tessera sanitaria alla prima visita.",57025,Piombino LI
Presidio Ospedaliero Santa Maria Maddalena di Volterra (PI),"Borgo San Lazzaro,  5",0588 91715 (ambulatorio di ostetricia e ginecologia) 0588 91911,Non specificati,SI,SI,Non specificato,"Si accede al percorso IVG su appuntamento con l'ambulatorio. Portare certificato del consultorio, analisi del sangue, documento e tessera sanitaria. Prima di presentarsi all'appuntamento deve passare una settimana dalla data del certificato del consultorio.",56048,Volterra PI
Ospedale Santo Stefano di Prato,"Via Suor Niccolina Infermiera,  20/22",0574 4891334 (prenotazioni) 0574 801111 0574 4891 (Villa Fiorita),Non specificati,SI,SI,Non specificato,Per IVG l'Ospedale si avvale di una struttura accreditata esterna all'ospedale (Villa Fiorita). Chiamare il lunedì dalle 8 alle 11 al 0574 4891334 per prendere appuntamento,59100,Prato PO
Ospedale Santi Cosma e Damiano di Pescia (PT),"Via Cesare Battisti,  2",0572 4601 0572 494429 (consultorio),Non specificati,SI,SI,Non specificato,"Consultorio in Piazza Fiorentina, 13 - 51017 Pescia (PT) Per accedere al percorso IVG serve certificato per interruzione del consultorio più ecografia e ci si prenota personalmente in reparto per prima visita, ostetricia Covid free.",51017,Pescia PT
Azienda Ospedaliera Universitaria Senese (anche Policlinico Santa Maria alle Scotte),"Viale Mario Bracci,  16",0577 585111  0577 586603 (prenotazioni),Non specificati,SI,SI,Non specificato,Si accede al percorso IVG tramite appuntamento al numero 0577 586603,53100,Siena SI
Ospedale San Luca di Lucca,"Via Guglielmo Lippi Francesconi,  556",0583 9701 (centralino),lunedì mattina dalle 8 alle 13,SI,SI,Non specificato,Si accede al percorso IVG tramite consultorio dell'ospedale portando con sé tessera sanitaria e foglio comprovante gravidanza (ecografia o foglio delle bhcg). Si fa poi un incontro con ginecologa e ostetrica che decidono il percorso più adatto. Per parlare con il consultorio telefonare al centralino dell'ospedale.,55100,Lucca LU
Ospedale S. Jacopo di Pistoia,"Via Ciliegiole,  97",0573 3521,Non specificati,SI,SI,Non specificato,Si accede al percorso IVG tramite consultorio.,51100,Pistoia PT
Ospedale Apuane di Massa e Carrara,"Via Enrico Mattei,  21",0585 4931 (centralino),mercoledì dalle 9 alle 12,SI,SI,Non specificato,Si accede al percorso IVG in ospedale senza appuntamento. Portare certificato del consultorio per interruzione (deve passare una settimana dalla data del certificato del consultorio).,54100,Massa MS
Ospedale Piero Palagi di Firenze,"Viale Michelangiolo,  41",055 6937249 055 6937418,martedì e giovedì  dalle 7.30 alle 9.30 al 2° piano presso ambulatorio di Chirurgia Ostetrica / consultori ad accesso diretto il lunedì e mercoledì 12-13 e il venerdì 12:30-13:30,SI,SI,Non specificato,"Si accede al percorso IVG presentandosi di persona portando con sé: - certificato d'interruzione del consultorio, del medico curante o del ginecologo di fiducia.  - documentazione comprovante la gravidanza: test di gravidanza eseguito in laboratorio o referto esame ecografico - documento di riconoscimento valido o documentazione comprovante identità",50122,Firenze FI
Ospedale San Donato - Arezzo (USL 8),"Via Pietro Nenni,  20/22",0575 2551 (centralino) 0575 255326 (prenotazioni) 0575 255829 (consultorio),Non specificati,SI,SI,Non specificato,"Si accede al servizio tramite consultorio sul territorio oppure chiamare 0575 255326 (ambulatorio pre ricoveri) per informazioni Consultorio di Arezzo  (Zona Aretina) in Viale Cittadini, 33/17 Tel. 0575/255829 Accesso con appuntamento, prenotabile personalmente o telefonicamente presso il servizio Accoglienza Consultoriale dal lunedì al venerdì dalle 8 alle 12",52100,Arezzo AR
Ospedale Versilia Camaiore (LU ),"Via Aurelia,  335",0584 6051 0584 6059362 (informazioni) 0584 605200 (prenotazioni),"mercoledì dalle ore 9 alle 13 al secondo piano dell’ospedale di Versilia, reparto Ginecologia. Non è necessaria l’ impegnativa. Per i Cittadini italiani il percorso è esente ticket. Necessario presentarsi all’appuntamento muniti di documento di riconoscimento valido (carta di identità o passaporto).",SI,SI,Non specificato,Si accede al percorso IVG tramite ambulatorio dedicato solo su appuntamento. Per appuntamenti e informazioni recarsi di persona agli sportelli del CUP oppure telefonare al numero 0584 605200 Possibile anche prenotare inviando una email a cup@usl12.toscana.it (in questo caso verrà data risposta sempre via email) chiedendo un appuntamento per l’ambulatorio della legge 194.,55041,Camaiore LU
Ospedale di Narni (TR),"Via Cappuccini Nuovi,  3",0744 7401,Non specificati,SI,SI,Non specificato,nan,05035,Narni TR
Ospedale Santa Maria della Stella di Orvieto (TR),Località Ciconia,0763 307355 (centralino) 0763 307209 (ostetricia),Non specificati,SI,SI,Non specificato,nan,05018,Orvieto TR
Ospedale Giuseppe Mazzini di Teramo,Piazza Italia,Ginecologia 0861 429372 ASL 06 8767 6160,lunedì pomeriggio,SI,SI,NO,"Si accede al percorso IVG su appuntamento. Portare impegnativa del medico di base che riporta dicitura ""visita ginecologica legge 194"".",64100,Teramo TE
Ospedale San Salvatore de l'Aquila,Via Lorenzo Natali 1,0862 3681 / Reparto ginecologia 0862368779 / CUP L'AQUILA 0872.226,lunedì,SI,SI,Non specificato,Si accede al percorso IVG portando il certificato del consultorio.,67100,Località Coppito L'Aquila  AQ
Ospedale Sant'Eugenio - Roma,"Piazzale dell'Umanesimo,  10",0651 002264,mercoledì e giovedì. Disponibili 3 posti a settimana per il farmacologico e 3 per il chirurgico,SI,SI,Non specificato,nan,00144,Roma RM
Presidio Ospedaliero Di Frosinone-Alatri,Via Madonna della Sanità,0776 3929649 0775 4381,Il lunedì e il venerdì,SI,SI,Non specificato,Ogni settimana sono disponibili 4 posti per il chirurgico e 10 per il farmaceutico.,03011,Alatri FR
Ospedale San Giuseppe - Marino (Rm),Viale XXIV Maggio,06 93273055,martedì e giovedì,SI,SI,Non specificato,Disponibili 7 posti a settimana per il chirurgico e 7 per il farmacologico.,00047,Marino RM
Policlinico Universitario Umberto I - Roma,"Viale del Policlinico,  155",06 49971,mercoledì e venerdì,SI,SI,Non specificato,Disponibili 4 posti a settimana per il farmacologico e 8 per il chirurgico,00161,Roma RM
Ospedale Di Belcolle - Viterbo,Str. Sammartinese,0761 3391  0761 3381 0761 236674 (consultorio),tutti i lunedì,SI,SI,Non specificato,Si accede al percorso IVG tramite il consultorio Cittadella della Salute in via E. Fermi. Si accede il lunedi dalle 14 alle 17. Telefono 0761 236674  Disponibili dai 5 ai 10 posti a settimana.,01100,Viterbo VT
Azienda Ospedaliera San Camillo Forlanini,"Circonvallazione Gianicolense,  87",0658 704474 0658 703676,dal lunedì al venerdì,SI,SI,Non specificato,"Disponibili 45 posti a settimana per il chirurgico, 20 per il farmacologico.",00152,Roma RM
Centro Tutela Salute della Donna e del Bambino Sant'Anna,Via Garigliano 55,0677 302662,"lunedì, mercoledì e venerdì",SI,SI,Non specificato,"Disponibili 6 posti a settimana per il chirurgico, 12 per il farmacologico.",00198,Roma RM
Presidio Ospedaliero G. B. Grassi,"Via Gian Carlo Passeroni,  28",0656 482048,giovedì e venerdì,SI,SI,Non specificato,Disponibili 5 posti a settimana per il chirurgico e da 5 a 8 per il farmacologico.,00122,Lido di Ostia RM
Azienda Ospedaliera San Giovanni Addolorata,"Via dell'Amba Aradam,  8",0677 052904,dal lunedì al venerdì,SI,SI,Non specificato,"Disponibili 20 posti a settimana per il chirurgico, 10 per il farmacologico.",00184,Roma RM
Ospedale di Anzio,Via Cupa dei Marmi,06 93271,lunedì e sabato,SI,SI,NO,Disponibili 4 posti a settimana per il farmacologico e 4 per il chirurgico,00042,Anzio RM
Presidio Ospedaliero A. Cardarelli - Campobasso,Contrada Tappino,0874 4091                 0874 409541 (reparto IVG),Non specificati,SI,SI,NO,Per IVG telefonare dal lunedì al giovedì dalle 8 alle 12,86100,Campobasso CB
Casa Di Cura Clinica Sant'Anna - Caserta,"132,  Via Roma,  118",0823242200 / 0823 242110,Non specificati,SI,SI,NO,Si accede al percorso IVG con certificato. Per info: www.clinicasannasrl.it/servizio-ivg,81100,Caserta CE
Ospedale San Giovanni Di Dio - Frattamaggiore (NA),Via Domenico Pirozzi,081 8891111,Lunedì e Venerdì mattina dalle 8.30,SI,SI,NO,Per accedere al percorso IVG è necessario passare dal consultorio dell'Asl di appartenenza,80020,Frattamaggiore NA
Ospedale San Giuliano,"Via Giambattista Basile,  1,",081 895 5269,Martedì e giovedì dalle 8.00 alle 10.00,SI,SI,NO,nan,80014,Giugliano in Campania NA
Ospedale del Mare Napoli,"Via Enrico Russo,  11",081 18775517 081 254 2598 (Consultorio PO Ss Annunziata),"Lunedi e mercoledi dalle 11 alle 13, mar gio ven dalle 9 alle 13",SI,SI,NO,"Documenti necessari: Documento di riconoscimento, dosaggio beta hcg",80147,Napoli NA
Ospedale Monsignor Raffaele Dimiccoli (Barletta),"Viale Ippocrate,  15",0883-577111 (centralino) 0883 577084-085-086-086-087 (ginecologia),Il lunedì e mercoledì,SI,SI,NO,Si accede al percorso IVG tramite appuntamento telefonico e presentazione documentazione (certificato ed ecografia),70051,Barletta BT
Casa Di Cura Salus - Brindisi (Casa Di Cura Accreditata Privata),"Via Appia,  366",centralino 0831 581505,Non specificati,SI,SI,NO,Si accede al percorso IVG solo su appuntamento (da richiedere dopo aver ottenuto un certificato di gravidanza),72100,Brindisi BR
Ospedale Perrino - Brindisi,Strada Statale 7 per Mesagne,083 1537401 (ambulatorio) 083 1537111 (centralino),Non specificati,SI,SI,NO,"Si accede al percorso IVG solo su appuntamento, telefonando al Dottor Mele. Prima di prendere appuntamento è necessario avere un certificato di gravidanza e un'ecografia",72100,Brindisi BR
Ospedale Annunziata di Cosenza,"Via Zara,  1",0984 6811,Non specificati,SI,SI,NO,"Bisogna andare con il documento dell* ginecolog* da un'assistente sociale presso l'ospedale che provvederà a fare la prenotazione. Per informazioni e documento dell'IVG consiglio il consultorio dell'Università della Calabria, danno tutte le info necessarie e sono molto gentili.",87100,Cosenza CS
Ospedale Maggiore di Modica,Via Resistenza Partgiana  RG,0932/448229,Martedì,SI,SI,Non specificato,nan,97015,
Azienda Ospedaliero Universitaria Policlinico G. Rodolico -San Marco - Presidio di San Marco di Catania,Viale Carlo Azeglio Ciampi  Catania CT,095 7431111,Non specificati,SI,SI,Non specificato,Si accede al percorso IVG tramite consultorio,95121,
Ospedale Umberto I di Siracusa,"Via Giuseppe Testaferrata,  1",0931 724323,Non specificati,SI,SI,NO,nan,96100,Siracusa SR
Ospedale Di Maternita' - Catania,Via Torre del Vescovo 4,095 312001,accesso diretto tutti i giovedì mattina per prima visita,SI,SI,NO,nan,95124,Catania CT
Ospedale Di Lentini,"Contrada Colle Roggio,  SS194",095 909111 095 909184 (caposala per prenotazioni),venerdì,SI,SI,Non specificato,Il servizio IVG è in Day Hospital. Per prenotare telefonare al caposala al numero 095 909184,96016,Lentini SR
Ospedale Civile Di Alghero,Via Don Minzoni,079 9955252 (reparto) 079 995 5111 (centralino),Non specificati,SI,SI,Non specificato,nan,07041,Alghero SS
Ospedale di Cittadella,"Via Pilastroni,  1","049 9424111 (centralino, chiedere del reparto di Ostetricia e ginecologia)",Non specificato,SI,SI,NO,"È richiesto:  - Certificato IVG - Ecografia - Tessera sanitaria - Documento d’identità - Per la data del ricovero di avere i risultati degli esami del sangue da prenotare attraverso il medico di base: (Emocromo PT  PTT, Creatinina, Transaminasi, Glucosio, Elettroliti, Gruppo sanguigno, Test di Coombs indiretto, HCV, HIV, HBSAG)",35013,Cittadella PD
Ospedale dell'Angelo di Mestre,via Paccagnella 11,041 9657428 orario 10 - 13,Non Specificato,SI,SI,NO,nan,30174,Mestre VE
Azienda Ospedaliera Santa Maria di Terni,Viale Tristano di Joannuccio,0744 205 406 per prendere appuntamento dal lunedì al venerdì,Per IVG farmacologica il ricovero è in day hospital il lunedì mattina e poi il  mercoledì mattina Per IVG chirurgica è in day hospital il mercoledì,SI,SI,NO,"Il primo accesso avviene il giovedì mattina alle 8.30, la paziente farà gli esami del sangue ECG e verso le 12 visita ed ecografia con ginecologo e visita con anestesista, a seguito delle quali si programma il ricovero  successivo",05100,Terni TR
"Ospedale Santa Maria delle Grazie (La Schiana, Pozzuoli)",Via Domitiana  Località La Schiana,081 855 2264 numero IVG,Mercoledì dalle 9:00,SI,SI,Non specificato,IVG farmacologica fino alla nona settimana,80078,Pozzuoli NA
Ospedale Civile di Castelfranco Veneto,"Via dei Carpani,  16/Z",0423 732640,mercoledì e sabato,SI,NO,SI,Per IVG disponibili 4 posti + 1 urgente a settimana,31033,Castelfranco Veneto TV
Ospedale di Bentivoglio (BO),"Via Marconi,  35",051 664 4111 (consultorio),Non specificati,SI,NO,SI,Prenotazione tramite consultorio (0516 644111),40010,Bentivoglio BO
Ospedale Branca (anche Ospedale di Gubbio- Gualdo Tadino) (PG),"Largo Unità d'Italia,   Loc. Branca",075 927 0801,Non specificati,SI,NO,SI,nan,06024,Gubbio PG
Ospedale Di Fondi (Lt),"Via S. Magno,  5",0773 703908,Non specificati,SI,NO,SI,30 posti disponibili al mese,04022,Fondi LT
Stab. Ospedaliero Altamura-Gravina - Altamura (Ba) / (Ospedale Della Murgia - Fabio Perinei),Km. 73,080 3108479 (ginecologia) 080 3108111 (centralino),Non specificati,SI,NO,SI,Si accede al percorso IVG tramite appuntamento. Telefonare al reparto ginecologia tutti i giorni.,70022,Altamura BA
Stabilimento Ospedaliero Rossano - Rossano (Cs),"Via Ippocrate,   Rossano Stazione",0983 5171,Non specificati,SI,NO,SI,Per IVG chirurgiche si viene indirizzati Castrovillari,87067,Rossano CS
Azienda Ospedaliera Ospedali Civili Riuniti - Sciacca,Via Pompei -  Sciacca (AG),0925 962111 (centralino),Non specificati,SI,NO,SI,nan,92019,
Azienda Ospedaliera M.P. Arezzo - Ragusa,C/da Rito  - Ragusa RG,0932 600111,Non specificati,SI,NO,SI,nan,97100,
Az. Os. Umberto I E Rizza - Siracusa,Viale Epipoli 72,0931 724111 0931 724060 (ginecologia),Non specificati,SI,NO,SI,IVG disponibile in Day Hospital,96100,Siracusa SR
Presidio Ospedaliero Sant'Antonio Abate - Erice,Via Cosenza 82,0923 809111,Non specificati,SI,NO,SI,ostetricia.trapani@asp.trapani.it,91016,Erice TP
Ospedali Riuniti Mondovì e Ceva formato da Regina Montis Regalis Mondovì e Poveri Infermi di Ceva (che non ha reparto ginecologia),"Via S. Rocchetto,  99",0174 677111 0174 677469 (Reparto IVG) 0174 677436/37 (consultorio),Non specificati,SI,NO,NO,Si accede al percorso IVG tramite consultorio di Mondovì in via San Rocchetto 99 - tel 0174 677436/37. Qui fanno la prima visita e la richiesta di interruzione.  Per IVG chirurgica rivolgersi all'Ospedale di Cuneo. IVG farmacologica fino a 7 settimane.,12084,Mondovì CN
Ospedale Pietro e Michele Ferrero,"Via Tanaro,  7-9",Prenotazione: direttamente c/o Reparto di Ostetricia Tel. 0172-1408782,"lunedì, mercoledì, venerdì mattina",SI,NO,NO,Reparto di Ostetricia 7° piano,12060,Verduno CN
Ospedale Di Rovereto (Tn),"Corso Verona,  4",0464 403111 0464 403100,Non specificati,SI,NO,Non specificato,Per IVG chirurgica bisogna rivolgersi all'ospedale di Trento,38068,Rovereto TN
Ospedale San Carlo Voltri (Evangelico Internazionale) Di Genova,"Piazzale Efisio Gianasso,  4",010 55229018 010 55229811,Non specificati,SI,NO,Non specificato,"Per accedere al percorso IVG è necessario prenotare dal lunedì al venerdì dalle 11 alle 13 presso il reparto Ostetricia. Procedura IVG in Day Hospital, le analisi vengono effettuate presso l'ospedale.",16158,Genova GE
Ospedale di Porretta Terme,via Oreste Zagnoni,0534 20711 0534 20760 (reparto IVG),lunedì e venerdì dalle 11 alle 13,SI,NO,NO,Si accede al percorso IVG tramite appuntamento chiamando al numero 0534 20760. Per IVG chirurgica è necessario recarsi all'Ospedale Maggiore di Bologna,40046,Porretta Terme BO
"Consultorio presso ex Osp. ""luigi spolverini"" di ariccia","Via delle Cerquette,  2",693272918,dal lunedì al mercoledì dalle 8 alle 14,SI,NO,NO,accesso diretto,00072,Ariccia RM
Policlinico Casilino,"Via Casilina,  1049",06 2318 8305,sabato,SI,NO,Non specificato,Disponibili 10 posti a settimana,00169,Roma RM
Presidio Ospedaliero Cervello,Via Trabucco 180  Palermo PA,091 6802201 (ostetricia e ginecologia),Mercoled' 8:00-11:00,SI,Non specificato,Non specificato,"Padiglione C, poliambulatiorio stanza 16, Day hospital. Fanno anche certificato per altri tipi di IVG.",90146,
Ospedale Giovanni Paolo II di Ragusa,C.da Cisternazzi,0932/600640,Non specificati,SI,NO,NO,nan,97100,Ragusa RG
Presidio Ospedaliero Gravina e Santo Pietro di Porto Salvo,"Via Portosalvo,  9",0933 39340,Ogni mercoledì dalle 9 alle 12,SI,NO,NO,nan,95041,Caltagirone CT
"P.O. ""Abele Ajello""",Via Salemi 175 -  Mazara del Vallo TP,0923 677111 (centralino) 0923 677330 (CUP),Non specificati,SI,NO,Non specificato,Per informazioni scrivere a info@asptrapani.it,91026,
Ospedale di Rivoli,"Via Rivalta,  29",0119551516/1515,"Il farmacologico prevede 2 accessi in regime di DH, di cui il primo ogni mercoledì, con 3 posti disponibili a settimana.",SI,NO,NO,"Per accedere al servizio IVG è necessario munirsi di certificato presso consultorio di riferimento, che contatterà direttamente il reparto, altrimenti chiamare direttamente il reparto",10098,Rivoli TO
"Casa di Cura ""Candela""","Via Valerio Villareale,  54",091 587122,Non specificati,SI,NO,NO,Fanno ancora il ricovero per il farmacolgico che dura tre giorni (due notti),90141,Palermo PA
Ospedale di Merate - Lecco,"Largo Mandic,  1",0395 916394 (ginecologia) 0395 9161 (centralino),Non specificati,NO,SI,SI,Si accede al percorso IVG su prenotazione. Chiamare ginecologia al numero 0395 916394 tutte le mattine dal lunedì al venerdì per prendere appuntamento,23807,Merate LC
Ospedale di Codogno - Lodi,"Viale Guglielmo Marconi,  1",0377 465586 (ginecologia)      0377 465410 (ambulatorio)        0377 4651 (centralino),Non specificati,NO,SI,SI,"Si prende appuntamente tramite Lodi, che si occupa della gestione e indirizza anche a Codogno.",26845,Codogno LO
Ospedale Bassini - Cinisello Balsamo,"Via Massimo Gorki,  50",02 57991 (centralino) 02 57998102-8085 (ginecologia),Non specificati,NO,SI,SI,L'Ospedale si appoggia alla struttura di Sesto San Giovanni,20092,Cinisello Balsamo MI
Ospedale di Desio,"Via Giuseppe Mazzini,  1",0362 385611 0362 3831 (centralino),Il martedì alle 7 in ordine di arrivo,NO,SI,SI,"Presentarsi a digiuno e con certificato, tessera sanitaria e documento d'identità per prenotazione e Day Hospital. In seguito verrà fissato un altro appuntamento per il tampone Covid e la data dell'intervento.  L'appuntamento per la visita ginecologica per IVG si  progammare con APP Zero  Coda, presso gli ambulatori  ostetrico-ginecologici del  sesto piano dove si  effettuerà la visita e il pre  ricovero , dal lunedì al venerdì dalle 8.30 alle  15.00. Per informazioni  0362 383460   DOCUMENTI NECESSARI:  - Certificazione per la richiesta di IVG rilasciata dal  consultorio o da un  Medico di fiducia   - Richiesta di visita ostetrica ed ecografia per valutazione e programmazione IVG rilasciata dal medico di fiducia o dal consultorio.  - Carta regionale dei servizi tessera sanitaria o STP. - Carta d’identità o passaporto.  - Eventuale documentazione clinica precedente, anche riferita ad altre patologie, incluse lettere di dimissione per precedenti ricoveri.  Una volta in possesso della documentazione, questi gli step necessari:  1. VISITA AMBULATORIALE, previa prenotazione, per la scelta (farmacologica / chirurgica ) e la prenotazione della procedura;  2. Esecuzione del tampone Covid   3. PRERICOVERO (solo per IVG chirurgiche) per gli esami preoperatori e visita anestesiologica;  4. RICOVERO in day hospital multi accesso per IVG farmacologica e in day hospital chirurgico per IVG chirurgica.",20832,Desio MB
Ospedale San Carlo Borromeo di Milano,"Via Pio II,  3",02 40221,Venerdì entro le 7.30 senza appuntamento. Saranno accettate le prime 20 persone in ordine di arrivo.,NO,SI,SI,"Per accedere al percorso IVG presentarsi all'ambulatorio di ginecologia (piano rialzato). Verranno effettuate visita anestesiologica, eventuale ecografia, quindi verrà fissato un appuntamento per analisi e intervento.",20153,Milano MI
Ospedale di Sondrio,"Via Stelvio,  25",0342 521111 0342 521126,Non specificati,NO,SI,SI,nan,23100,Sondrio SO
Azienda Ospedaliera ASST Franciacorta - Chiari (BS),VIALE MAZZINI N° 4,030 7102310 030 7102822 (CUP),Dalle 8 alle 16,NO,SI,SI,nan,25032,Chiari BS
Ospedale Civile Fornaroli di Magenta (MI),"Via al Donatore di Sangue,  50",02 97963260 (pronto soccorso ginecologico) 02 979631 (centralino) 02 97963254 (prenotazioni)  02 97963489 (prenotazioni),Non specificati,NO,SI,SI,Per accedere al percorso IVG è necessario prendere un appuntamento telefonando al numero 02 97963254 o al numero 02 97963489 il martedì e giovedì dalle 13 alle 15,20013,Magenta MI
Ospedale Luigi Sacco di Milano,"Via Giovanni Battista Grassi,  74",02 39041 (centralino) 02999599,giovedì alle 9 senza appuntamento. Si accettano le prime 10-12 persone in ordine di arrivo,NO,SI,SI,"Si accede al percorso IVG recandosi al poliambulatorio di ginecologia, senza appuntamento. Durante il primo incontro vengono effettuate visita anestesiologica ed eventuale ecografia. Vengono fissati un secondo incontro per le analisi e un terzo per l'intervento in anestesia generale garantita.",20157,Milano MI
Ospedale di Chioggia,"Str. Madonna Marina,  500",0415 534372,Non specificati,NO,SI,SI,nan,30015,Chioggia VE
Ospedale San Luca - Trecenta,Viale Professor Ugo Grisetti 256 -  Trecenta (RO),0425 393752 (Consultorio di Rovigo),Non specificati,NO,SI,SI,Accesso tramite consultorio di Rovigo L'IVG chirurgica viene fatta con pre-ospedalizzazione + Day Hospital,45027,
Domus Nova - Ravenna,"Via Paolo Pavirani,  44",0544 508311,Non specificati,NO,SI,SI,Intervento interamente a carico del SSN seppur struttura privata L'IVG chirurgica viene fatta con pre-ospedalizzazione + Day Hospital,48121,Ravenna RA
Ospedale Santa Maria della Misericordia di Perugia,"Piazzale Giorgio Menghini,  1",075-5781,Non specificati,NO,SI,SI,nan,06129,Perugia PG
Ospedale San Giovanni Battista di Foligno (PG),Via M.Arcamone  Foligno (PG),0742 3391 0742 3397681,Non specificati,NO,SI,SI,nan,06034,
Presidio Ospedaliero San Benedetto Del Tronto (Ap),"Via Luciano Manara,  8",0735 7931 0735 793803 (punto accoglienza) 0735 7937425 (consultorio),tutti i giorni dalle 9 alle 13 al punto accoglienza o al consultorio,NO,SI,SI,Si accede al percorso IVG direttamente al punto accoglienza all’ingresso del reparto dove viene viene fatta visita certificato ed ecografia oppure al consultorio che si trova all’interno dell’ospedale stesso,63074,San Benedetto del Tronto AP
Asur - Fano (Ps),"Via Sebastiano Ceccarini,  38",0721 8821,Non specificati,NO,SI,SI,nan,61032,Fano PU
Azienda Ospedaliera Rummo - Benevento,"Via Pacevecchia,  53",0824 57111 0824 57314 (per appuntamento),Non specificati,Non specificato,SI,SI,Per accedere al percorso IVG bisogna contattare il numero 0824 57314 per prenotarsi. Se non rispondono andare di persona in ospedale per prendere appuntamento,82100,Benevento BN
Ospedale Cardarelli Napoli,"Via Antonio Cardarelli,  9",081 7472404 (per info IVG) 081 7472057,Per informazioni IVG chiamare dal lunedì al venerdì dalle 12 alle 13,NO,SI,SI,Si accede su prenotazione da fare di persona il mercoledì mattina dalle 8 alle 9.30 presso il padiglione E dell'Ospedale.,80131,Napoli NA
Ospedale San Paolo Napoli,"Via Terracina,  219",081 2548211            081 2547818 (reparto Ivg),Accettazione Martedì e Giovedì dalle 7:30; Tutti gli altri giorni dalle 8:30. Si consiglia di presentarsi un'ora prima.,NO,SI,SI,Presentarsi con tessera sanitaria e documento. Ultime direttive Covid-19: presentarsi con risultato tampone PCR fatto non più di 48 ore prima.,80125,Napoli NA
Ospedale Francavilla Fontana,Via Mons. Armando Franco  Francavilla Fontana BR,0831 851111 (centralino)  0831 851302 (ambulatorio),Non specificati,NO,SI,SI,nan,72021,
Presidio Ospedaliero Ingrassia,Corso Calatafimi 1002,nan,Non specificati,NO,SI,SI,nan,90131,Palermo PA
AOU Gaspare Rodolico di Catania,via S.Sofia 78,0953 781060,Lunedì e Venerdì dalle 10 alle 13,NO,SI,SI,nan,95123,Catania CT
Nostra Signora della Mercede-Lanusei,Via Ospedale 1,0782 490214-0217 0782 490211 (centralino),Tutti i giorni sono validi per il primo contatto,NO,SI,SI,Possibilità di certificato presso la struttura,08045,Lanusei NU
Ospedale S. Martino - Oristano,Viale Fondazione Rockefeller,0783 317264 (prenotazioni) 0783 31711 (centralino),Dalle 8 alle 18,NO,SI,SI,Per accedere al percorso IVG telefonare al numero 0783 317264 dal lunedì al venerdì,09170,Oristano OR
Presidio Ospedaliero Cto - Iglesias,"Via R. Cattaneo,  52",0781 3922702 (informazioni) 0781 3921 (centralino),Non specificati,NO,SI,SI,Per informazioni telefonare la mattina dalle 9 alle 11,09016,Iglesias SU
-Ospedale San Francesco Nuoro,Via Salvatore Mannironi,0784 240237 (centralino)          0784 240235 (ostetricia) 0784 240240 (ginecologia),Non specificati,NO,SI,SI,nan,08100,Nuoro NU
Ospedale di Susa,"Corso Inghilterra,  66",0119551516/1515,Non specificato,NO,SI,SI,"Per accedere al servizio IVG è necessario munirsi di certificato presso consultorio di riferimento, che contatterà direttamente il reparto, altrimenti chiamare direttamente il reparto",10059,Susa TO
ASST Bergamo Est Ospedale A. Locatelli - Piario,"Via Groppino,  22",035 3066242 – 6220 (Ostetricia) 035 3066111 (centralino),Dalle 8 alle 16 dal lunedì al venerdì,NO,SI,NO,"Organizzazione dipartimentale per cui: farmacologiche a Alzano, chirugiche a Piario, terapeutico a Seriate.",24020,Piario BG
Presidio Ospedaliero di Cernusco sul Naviglio (anche Ospedale Uboldo di Cernusco sul Naviglio),"Via A. Uboldo,  21",02 923601,Non specificati,NO,SI,NO,"Si accede al percorso IVG prenotando di persona dal lunedì al giovedì al 5° piano dalle 8 alle 12. Portare certificato, tessera sanitaria e documento d'identità",20063,Cernusco sul Naviglio MI
Ospedale di Vimercate (MB),"Via Santi Cosma e Damiano,  10",039 6654636,Non specificati,NO,SI,NO (solo entro 13 settimane),"Per accedere al percorso IVG è necessario prendere un appuntamento chiamando al numero 039 6657412  La visita ambulatoriale per la scelta del tipo di IVG e per la  programmazione del ricovero si prenota direttamente in consultorio se la certificazione per IVG è stata fatta in uno dei consultori del territorio oppure telefonando al numero 0396 657366. La visita avverrà  negli ambulatori strumentali siti  al piano terra dal medico  ginecologo.  DOCUMENTI NECESSARI:  - Certificazione per la richiesta  di IVG ai sensi dell’art. 5  comma 4 legge 194/78  rilasciata dal consultorio o da  un Medico di fiducia.   - Carta regionale dei servizi  tessera sanitaria o STP.  - Carta d’identità o passaporto.  - Eventuale documentazione  clinica precedente, anche riferita ad altre patologie, incluse lettere di dimissione per precedenti ricoveri.  Una volta in possesso della documentazione, questi gli step necessari:  1. VISITA AMBULATORIALE, previa prenotazione, per la scelta (farmacologica / chirurgica ) e la prenotazione della procedura;  2. Esecuzione del tampone Covid   3. PRERICOVERO ( solo per IVG chirurgiche) per gli esami preoperatori e visita anestesiologica;  4. RICOVERO in day hospital multi accesso per IVG farmacologica e in day hospital chirurgico per IVG chirurgica.",20871,Vimercate MB
Ospedale Maggiore Ss. Annunziata - Savigliano (CN),"Via Ospedali,  9",0172 719111 0172 719358 (Reparto IVG),Non specificati,NO,SI,NO,Per IVG farmacologica bisogna rivolgersi all'ospedale di Mondovì,12038,Savigliano CN
Ospedali Riuniti Asl 13 Novara Borgomanero,VIALE ZOPPIS -  - BORGOMANERO (NO),0322 8481,Non specificati,NO,SI,Non specificato,nan,28021,
Ospedale Civile Di Montebelluna (Tv),"Via Palmiro Togliatti,  16",0423 6111                  0423 611208,Non specificati,NO,SI,NO,Per IVG disponibili 6 posti a settimana,31044,Montebelluna TV
Ospedale Evangelico Internazionale Di Genova,"Salita Superiore di S. Rocchino,  31/A",010 5522262,Non specificati,NO,SI,Non specificato,"Per accedere al percorso IVG è necessario prenotare dal lunedì al mercoledì dalle 8 alle 13 presso il 1° piano (reparto ginecologia). Procedura IVG in Day Hospital, le analisi vengono effettuate presso l'ospedale.",16122,Genova GE
Ospedale del Mugello di Borgo San Lorenzo (FI),"Viale della Resistenza,  60",055 84511 055 8451271 (prenotazione),dal lunedì al venerdì dalle 9 alle 13 senza prenotazione e con certificato del consultorio oppure il lunedì mattina dalle 7.30 previo appuntamento con l'ostetrica dell'ambulatorio di Ostetricia e Ginecologia (piano terra),NO,SI,Non specificato,Si accede al percorso IVG in ambulatorio di persona con certificato d'interruzione del consultorio o su appuntamento al numero 055 8451271,50032,Borgo San Lorenzo FI
Presidio Ospedaliero Fabriano (An),"Viale Stelluti Scala,  26",0732 7071,Non specificati,NO,SI,NO,Si effettua il servizio IVG. Modalità di interruzione non specificata,60044,Fabriano AN
Ospedale Di Macerata,"Via Santa Lucia,  2",0733 25721,Non specificati,NO,SI,Non specificato,nan,62100,Macerata MC
"Presidio Ospedaliero di Penne ""San Massimo""","Via Battaglione Alpini l'Aquila,  1",085 8276315 (reparto ginecologia) 085 82761,Non specificati,NO,SI,Non specificato,"Si accede al percorso IVG su prenotazione. Telefonare al reparto di ginecologia. Se si ha certificato del consultorio è meglio, altrimenti fanno comunque tutto loro.",65017,Penne PE
San Giovanni Evangelista - Tivoli (Rm),"Via Antonio Parrozzani,  3",0774 43164456/49,lunedì,NO,SI,Non specificato,Disponibili 4 posti ogni 2 settimane.,00019,Tivoli RM
Ospedale di Rieti,Viale Kennedy,0746 2781,tutti i giovedì,NO,SI,Non specificato,Disponibili 4 posti a settimana,02100,Rieti RI
Ospedale dei Castelli,"Via Nettunense,  Km 11, 5",06 9327 8888,Non specificati,NO,SI,NO,"IVG chirurgica disponibile ""solo se necessario"".",00040,Ariccia RM
Presidio Ospedaliero S. Giuseppe Moscati - Aversa,Via Antonio Gramsci,081 5001111,Non specificati,NO,SI,NO,"Si accede al percorso IVG tramite consultorio per certificato poi si va al reparto di ginecologia di persona per prendere appuntamento Prenotazione telefonica: dopo la conferma della data di Day Hospital, portare codice fiscale e certificato IVG",81031,Aversa CE
Ospedale Civile Marcianise (Ce),Viale Sossietta Scialla,0823 690611,martedì dalle 8 alle 9,NO,SI,NO,Si accede al percorso IVG tramite visita nel reparto di ostetricia e ginecologia. Accesso su presentazione tutti i martedì dalle 8 alle 9,81025,Marcianise CE
Ospedale De Luca E Rossano - Vico Equense - Napoli,"Via Domenico Caccioppoli,  4",081 8729111 081 8729190,Accettazione in ospedale martedì o giovedì,NO,SI,Non specificato,Il consultorio fissa l'appuntamento con l'ospedale,80049,Vico Equense NA
Ospedale San Giovanni Di Dio E Ruggi D'Aragona - Salerno,Via San Leonardo,089 671111                089 672801 (reparto),Tutti i martedì dopo le 10.30 su presentazione con certificato per interruzione e ecografia,NO,SI,NO,Si accede al percorso IVG tramite visita con ginecolog* presente nel reparto. Portare certificato per interruzione ed ecografia,84125,Salerno SA
Ospedale Villa Malta - Sarno (Sa),Via Sarno Striano,081 9684111,Tutti i martedì mattina su presentazione dalle 8.30,NO,SI,NO,nan,84087,Sarno SA
Ospedale San Luca - Vallo Della Lucania (Sa),Via Francesco Cammarota,0974 711111,Non specificati,NO,SI,Non specificato,"Si accede al percorso IVG tramite consultorio, dove fanno eco e certificato e poi prendono direttamente contatto con ospedale per appuntamento",84078,Vallo della Lucania SA
Presidio Ospedaliero Di Casarano - Gagliano (Le),"Viale Francesco Ferrari,  1",0833 508452 (ginecologia),Non specificati,NO,SI,NO,"Si accede al percorso IVG solo su appuntamento, telefonando al numero 0833 508452",73042,Casarano LE
Ospedale S. Maria  - Bari,"Via Antonio de Ferraris,  22",080 5040470 (ginecologia) 080 5040111 (centralino),Non specificati,NO,SI,NO,"Si accede al percorso IVG solo su appuntamento, telefonando al numero 0805 040111 per prendere appuntamento dal lunedì al venerdì dalle 8 alle 18, e sabato dalle 8 alle 13.  Possibile effettuare IVG solo entro la decima settimana",70124,Bari BA
Casa Di Cura Cbh Mater Dei - Bari,"Via Samuel Hahnemann,  10",080 5071111 (centralino),All'appuntamento portare certificato medico ed ecografia,NO,SI,NO,Si accede al percorso IVG su appuntamento da prendere tramite il centralino. viene dato un appuntamento.,70125,Bari BA
Ospedale Santissima Annunziata - Taranto,"Via Francesco Bruno,  1",099 4585551 (ambulatorio IVG) 099 4585111 (centralino),"Il martedì le visite (portare certificato di gravidanza), il lunedì pomeriggio si fanno le Ivg.",NO,SI,NO,Si accede al percorso IVG su appuntamento chiamando l'ambulatorio.,74121,Taranto TA
Presidio Ospedaliero Salvatore Cimino di Termini Imerese,"Via Salvatore Cimino,  2",091 8151111,Non specificati,NO,SI,NO,Oppure prenotare al seguente indirizzo email:ambostetricia.potermini@asppalermo.org,90141,Termini Imerese PA
Ospedale Civico di Partinico,"Via Circonvallazione,  1",091 891 1111,Giovedi 15:00 - 18:00,NO,SI,NO,nan,90047,Partinico PA
Azienda Ospedaliera Cannizzaro di Catania,Via Messina 829,095 7262816,Giovedi Mattina dalle ore 8 in ordine di arrivo,NO,SI,NO,Per accedere al percorso IVG è necessario munirsi di richiesta del medico di visita ginecologica.,95126,Catania CT
Presidio Ospedaliero Garibaldi - Nesima di Catania,"Via Palermo,  636",095 7595000 095 7595221/5 (reparto) 800811129 (prenotazione),Mercoledì  e Venerdì dalle 14 alle 20,Non specificato,SI,Non specificato,Si effettua il servizio IVG. Modalità di interruzione non specificata. Si prenota attraverso il numero verde 800811129,95122,Catania CT
P.O. Michele Chiello di Piazza Armerina,Contrada Bellia,0935 981340,Non specificati,NO,SI,Non specificato,nan,94015,Piazza Armerina EN
P.O. Canicattì (anche Ospedale Barone Lombardo),Viale Antonino Saetta Ospedale,0922 733269,Non specificati,NO,SI,NO,nan,92024,Canicattì AG
Azienda Ospedaliera Piemonte - Messina (Anche Policlinico Di Messina Gaetano Martina),"Viale Europa,  45",090 2211 090 2213508 (prenotazioni),Non specificati,NO,SI,NO,Per IVG si accede solo su appuntamento. Telefonare solo il martedì mattina al numero 090 2213508 dopo le 11.,98124,Messina ME
Policlinico Universitario Palermo,"Via del Vespro,  129",091 655111,"Tutti i martedì dopo le 11, in ordine di arrivo",NO,SI,NO,nan,90127,Palermo PA
Ospedale Policlinico Di Siracusa (Anche Policlinico Umberto I),VIA TESTAFERRATA 1,0931 724058         0931 724858 (prenotazioni),Ogni giovedì su appuntamento,NO,SI,NO,Per IVG è presente un ambulatorio dedicato. Contattare lo 0931 724858 per appuntamento.,96100,SIRACUSA (SR)
Casa di Cura Villa Elena-Cagliari,"Via Dante Alighieri,  133",070 494891 (chiedere del reparto di ginecologia),il martedì e il giovedì,Non specificato,SI,NO,Privato convenzionato con SSN. IVG chirurgica in Day Hospital,09128,Cagliari CA
Ospedale di Asiago,"Via Martiri di Granezza,  42",0424 885180  ore 8.30 - 12.30 martedì e giovedì,Non specificati,NO,SI,Non specificato,Al servizio si accede contattando telefonicamente il proprio Consultorio Familiare di riferimento in base alla residenza https://www.aulss7.veneto.it/come-fare-per/-/health-services/entry/38326,36012,Asiago VI
Nuovo Ospedale di San Giovanni di Dio di Firenze (Torregalli),"Via Torregalli,  3",055 69321,Non specificati,NO,NO,SI,Per IVG fare riferimento all'Ospedale Palagi di Firenze,50143,Firenze FI
"Ospedali Riuniti Ancona (Anche Presidio Ospedaliero ""G. Salesi"")","Via Conca,  71",071 5961,Non specificati,NO,NO,SI,nan,60126,Ancona AN
Presidio Ospedaliero di Pescara / Ospedale Spirito Santo di Pescara (PE),"Via Fonte Romana,  8",085 4251 Reparto ginecologia 085 425 2427 / 2551 / 2547 085 4252427 (prenotazione ITG)  CUP 800 827 827,Non specificati,NO,NO,SI,Per accedere al percorso IVG rivolgersi all'Ospedale di Penne (tel 085 8276259). Il servizio è attivo da lunedì a sabato dalle 8:30 alle 11:30.  Per ITG (aborto terapeutico) chiamare ginecologia al numero 085 4252427.,65124,Pescara PE
Presidio Ospedaliero Monopoli - Conversano (Ba),Via E. De Amicis 36,080 4149111 (centralino) 080 4149221 (reparto ginecologia) 080 4149217 (ambulatorio)                    0804 328236 (prenotazioni ITG),Non specificati,NO,NO,SI,Per ITG telefonare al numero 0804 328236 dal lunedì al venerdì (solo di mattina) per prendere appuntamento. Referente Dott. Giulia Laselva.,70014,Conversano BA
Azienda Ospedaliera S. Elia - Caltanissetta,"Via Luigi Russo,  6",0934 559111 0934 559623 (prenotazione),Non specificati,Non specificato,Non specificato,SI,Si effettua il servizio IVG. Modalità di interruzione non specificata. Per percorso IVG telefonare al 0934 559623 dalle 8 alle 13.,93100,Caltanissetta CL
Presidio Ospedaliero Michele Chiello Di Piazza Armerina,Contrada Bellia,0935 981111 0935 981340 (prenotazioni),Non specificati,Non specificato,Non specificato,SI,Si accede al percorso IVG tramite consultorio per certificato e poi prenotando al numero 0935 981340. Modalità di interruzione non specificata,94015,Piazza Armerina EN
Policlinico Universita’ Di Messina,Via Consolare Valeria 1,090 221 2672,Non specificati,NO,Non specificato,SI,Per informazioni scrivere a ostetricia.ginecologia@polime.it,98128,Tremestieri ME
Ospedale di Ivrea e Cuorgnè (raggruppati),"Piazza Credenza,  2",0125 4141 0125 414530 (consultorio),Non specificati,Non specificato,Non specificato,Non specificato,Si accede al percorso IVG tramite consultorio in via Nathalia Ginzburg 7 - tel 0125 414530 per appuntamento e primo certificato. Modalità di interruzione non specificata.,10015,Ivrea TO
Ospedale di Collegno,Via Martiri XXX Aprile n. 30  Collegno TO,011 40171 011 4017271/058 011 4017800 (consultorio),Non specificati,Non specificato,Non specificato,Non specificato,Si effettua il servizio IVG. Modalità di interruzione non specificata. Si accede al servizio tramite consultorio in via Torino 1 - tel 011 4017800 per appuntamento e primo certificato.,10093,
Presidio Ospedaliero Di Padova (Anche Ospedale Sant'Antonio),Via Jacopo Facciolati 71,049 8216511 049 8218527 (clinica ginecologica),Non specificati,Non specificato,Non specificato,Non specificato,Chiamare la clinica ginecologica dal lunedì al venerdì dalle 11.30 alle 13.30,35127,Padova (PD)
Ospedale Civile Piove Di Sacco (Pd),"Via S. Rocco,  8",049 9718111,Non specificati,Non specificato,Non specificato,Non specificato,"Si accede al percorso IVG presentandosi di persona per prenotare, tutte le mattine dalle 8.30 alle 13.30 portando documento, tessera sanitaria, ecografia e certificato d'interruzione. Modalità di interruzione non specificata",35028,Piove di Sacco PD
Ospedale San Dona' Di Piave (Ve),"Via Nazario Sauro,  25",0421 227111,Non specificati,Non specificato,Non specificato,Non specificato,"Si accede al percorso IVG tramite consultorio oppure munite di certificato per interruzione, ecografia, tessera e documento. Per prendere appuntamento andare di persona dal lunedì al venerdì  Modalità di interruzione non specificata",30027,San Donà di Piave VE
Ospedale Di Noventa Vicentina,"Via Capo di Sopra,  1",0444 755611,Non specificati,Non specificato,Non specificato,Non specificato,"Si accede al percorso IVG tramite consultorio oppure prenotando di persona dal lunedì al venerdì dalle 8.30 alle 13.00 munite di certificato d'interruzione, ecografia, tessera sanitaria e documento.  Modalità di interruzione non specificata",36025,Noventa Vicentina VI
Ospedale Civile di Palmanova (UD),"Via Natisone,  11",0432 921111 (centralino),Non specificati,NO,NO,Non specificato,Presso questa struttura è possibile solo richiedere il certificato per interruzione e fare la prima visita. L'interruzione si fa successivamente all'ospedale Latisana. Per prendere appuntamento per visita e certificato bisogna contattare il centralino e chiedere del reparto di ginecologia.,33057,Jalmicco UD
Istituto Giannina Gaslini,"Via V Maggio,  3",010 56361                 010 563623 (Day Hospital),Non specificati,Non specificato,Non specificato,Non specificato,Si effettua il servizio IVG. Modalità di interruzione non specificata Day Hospital: Padiglione 10 – III piano,16147,Genova GE
Ospedale Di Budrio - Bologna,"Via Benni,  44",051 809111,Non specificati,Non specificato,Non specificato,Non specificato,Si accede al servizio IVG solo tramite consultorio. Modalità di interruzione non specificata,40054,Budrio BO
Distretto Pianura Ovest San Giovanni in Persiceto,"Via Castelfranco,  24",051 6813475 051 6813651 (reparto ginecologia),Non specificati,NO,NO,NO,"La struttura rilascia solo il certificato per accedere a IVG. Per richiederlo servono: documento identità, tessera sanitaria, test di gravidanza di laboratorio, le beta oppure urine. Una volta in possesso di questi documenti chiamare il reparto di ginecologia per prendere appuntamento per il rilascio del certificato. Il percorso IVG prosegue poi presso l'Ospedale Maggiore.",40017,San Giovanni in Persiceto BO
Ospedale di Bibbiena (anche Ospedale del Casentino) (AR),"Viale Filippo Turati,  55",0575 5681 0575 568332 (consultorio),Non specificati,NO,NO,Non specificato,"Il servizio IVG viene gestito dal consultorio, che indirizza all'ospedale di Arezzo.  Il consultorio è in Loc. Colombaia Via G. di Vittorio, 22 Tel. n. 0575 568332 Accesso con appuntamento, prenotabile personalmente o telefonicamente presso il servizio Accoglienza Consultoriale dal lunedì al venerdì dalle 8:30 alle 13:00",52011,Casentino AR
Ospedale San Giuseppe di Empoli (FI),"Viale Giovanni Boccaccio,  16",0571 7051,Non specificati,Non specificato,Non specificato,Non specificato,Si accede al servizio IVG tramite consultorio che avvia la procedura. Modalità di interruzione non specificata,50053,Empoli FI
Ospedale Sant'Andrea di Massa Marittima,"V.le Risorgimento,  43",0566 909111 0566 909270 (consultorio),Non specificati,NO,NO,NO,"Non c'è più reparto di ginecologia - ostetricia, c'è solo il consultorio dell'ospedale, dove si accede tramite appuntamento, in cui si fa la prima visita e il certificato di richiesta IVG chirurgica o farmacologica che però vengono eseguite all'ospedale Misericordia di Grosseto.",58024,Massa Marittima GR
Presidio Ospedaliero Portoferraio - Isola d'Elba (LI),"Loc,  Via S. Rocco",0565 926111 0565 926816 (consultorio),Non specificati,Non specificato,Non specificato,Non specificato,"Si accede al percorso IVG tramite consultorio, solo su appuntamento. Telefonare al numero 0565 926816 Modalità di interruzione non specificata",57037,Portoferraio LI
Presidio Ospedaliero Felice Lotti di Pontedera (PI),"Via Roma,  147",0587 273111 0587 273330  (prenotazioni),Non specificati,Non specificato,Non specificato,Non specificato,"Si effettua il servizio IVG. Modalità di interruzione non specificata In ospedale sono presenti sia l'ambulatorio di ginecologia e ostetricia, sia il consultorio. Per IVG telefonare per appuntamento dalle 12 alle 13:30 il lunedì, il martedì e il giovedì.",56025,Pontedera PI
Ospedale Valdelsa - Poggibonsi ( anche Ospedale Campostaggia - Poggibonsi),Localita Campostaggia -  Poggibonsi (SI),0577 9941 0577 994062 (ambulatorio) 0577 994031 (consultorio),Non specificati,Non specificato,Non specificato,Non specificato,"Si effettua il servizio IVG. Telefonare al consultorio nei giorni lunedì, martedì, giovedì e venerdì dalle 11:45 alle 13:40 Modalità di interruzione non specificata",53036,
Ospedale Civile di Castel del Piano (GR),"Via IV Novembre,  2",0564 914111,Non specificati,NO,NO,NO,"C'è solo il consultorio in via 4 Novembre 36 - tel 0564 957063. Il consultorio è aperto 2 volte a settimana, per IVG si appoggia all'Ospedale di Grosseto.",58033,Castel del Piano GR
Villa Igea,"Via A. Maggini,  200",071 994 7777 071 8705062 (CRAS) 071 8705062 (consultorio),Non specificati,NO,NO,NO,"Ad oggi (marzo 2023), la regione ha revocato la convenzione a questa Clinica e sembra che l'IVG non sia più praticata. Lasciamo comunque i numeri di telefono e le informazioni che erano state fornite nel caso qualcuno volesse provare comunque a contattarli. Per accedere al percorso IVG telefonare al CRAS al numero 071 8705062 il martedì dalle 8.30 alle 11. Oppure telefonare al consultorio al numero 071 8705062",60127,Ancona AN
Ospedale di Vasto San Pio da Pietrelcina,Via S. Camillo de Lellis,"0873308363 (ambulatorio, chiamare dal lunedì al venerdì)",Giovedì 8-11:30,NO,NO,Non specificato,"Ad aprile 2023, l'ospedale non pratica IVG ma sta integrando un/a nuovo/a ginecologo/a. Chiameremo presto per sapere se ci sono state delle modifiche. L’ambulatorio è ubicato al IV piano del Primo Padiglione, sala ambulatoriale (di fronte la sala parto). Gli interventi  vengono effettuati in regime di DaySurgery il giovedì mattina nell’U.O. di Day Surgery",66054,Vasto CH
Ospedale Floraspe Renzetti di Lanciano (CH),Via per Fossacesia 1  Lanciano (Chieti),0872 7061                  0872 706310 (prenotazioni),tutti i venerdì,NO,NO,Non specificato,"Al momento (Aprile 2023) questo ospedale non pratica IVG ma stanno integrando un/a nuovo/a ginecologo/a. Richiameremo fra qualche mese per constatare se ciò è avvenuto. Quella che segue era la procedura quando si praticavano IVG: per accedere al percorso IVG andare in ospedale con impegnativa per visita ostetrica o telefonare al numero 0872 706310 chiedendo della Dott.ssa Iannantuono. In ospedale portare impegnativa del medico curante per visita ginecologica e farla timbrare al CUP dell'Ospedale. Dopo la visita, che accerta lo stato di gravidanza, parte il percorso IVG.",66034,
Stab. Ospedaliero Umberto I - Fasano (Br),Via dell'Artigianato -  Fasano BR,080 4390232 (ginecologia)  0804390515 (consultorio) 080 4390111 (centralino),Non specificati,NO,NO,NO,Nella struttura non è possibile effettuare IVG ma è possibile prendere appuntamento per fare la certificazione e indirizzare a un'altra struttura per l'interruzione. Per l'appuntamento telefonare al reparto ginecologia.,72015,
Ospedale Potenza Di Chiaromonte,"Rione Santa Lucia,  22",0973 641111  0973 642358,Non specificati,Non specificato,Non specificato,Non specificato,Si effettua il servizio IVG. Modalità di interruzione non specificata,85032,Chiaromonte PZ
Presidio Ospedaliero San Vincenzo Di Taormina,Contrada Sirina,0942 5791,Non specificati,NO,NO,NO,nan,98039,Taormina ME
Ospedale Guzzardi - Vittoria -  Ragusa,Via Papa Giovanni XXIII,0932 999111 0932 254913 (consultorio),Non specificati,NO,NO,NO,"Presente solo il consultorio in via Forlanini, 86 - Ragusa. Tel. 0932 254913",97019,Vittoria RG
Ospedale E. Muscatello - Augusta (Sr),C.da Granatello -  - Augusta (SR),0931 989111,Non specificati,Non specificato,Non specificato,Non specificato,Si effettua il servizio IVG. Modalità di interruzione non specificata,96011,
"Presidio Ospedaliero ""Val Vibrata"" Sant'Omero","Via Alla Salara,  56",Ginecologia 0861 888380,Non specificati,NO,NO,Non specificato,nan,64027,Sant'Omero TE
Ospedale Civile S. Liberatore di Atri,"Viale del Risorgimento,  1158",085 87071,Non specificati,NO,NO,Non specificato,nan,64032,Atri TE
Ospedale Civile Maria SS. dello Splendore,Via Antonio Gramsci,085 80201,Non specificati,NO,NO,Non specificato,nan,64021,Giulianova TE
Ospedale Santissima Annunziata di Chieti,Via dei Vestini,0871 3571 / Reparto ginecologia 0871.357337 / CUP CHIETI 0872 706906,Non specificati,NO,NO,Non specificato,nan,66100,Chieti CH
"Presidio Ospedaliero di Ortona ""Gaetano Bernabeo""",Contrada S. Liberata,085 9171,Non specificati,NO,NO,Non specificato,nan,66026,Ortona CH
"Ospedale ""Maria SS. Immacolata"" di Guardiagrele","Via Anello,  15",0871 8991,Non specificati,NO,NO,Non specificato,nan,66016,Guardiagrele CH
"Ospedale ""Santissima Trinità"" di Popoli","Via Enrico Berlinguer,  118",085 98 981,Non specificati,NO,NO,Non specificato,nan,65026,Popoli PE
Ospedale SS Annunziata di Sulmona,"Viale Giuseppe Mazzini,  100",0864 4991,Non specificati,NO,NO,Non specificato,nan,67039,Sulmona AQ
Ospedale Civile Castel Di Sangro,"Via Sangrina,  20",0864 8992,Non specificati,NO,NO,Non specificato,nan,67031,Castel di Sangro AQ
Ospedale S. Camillo De Lellis di Atessa,"Via Antonio Gramsci,  4",0872 8641,Non specificati,NO,NO,Non specificato,nan,66041,Atessa CH
